"MrkName","CHROM","MapDis","RR"
"v1",1,0,0.5
"v2",1,0.000744746008041197,7.44746007986789e-06
"v3",1,0.00093716857269277,1.92422564652491e-06
"v4",1,1.36826481533953,0.0136698690401234
"v5",1,1.88146519009856,0.0051318235365763
"v8",1,4.87214894565639,0.0298712228662032
"v9",1,5.884390153192,0.0101210294020348
"v10",1,6.2215461290925,0.00337150865870822
"v11",1,6.29572281799752,0.000741766344872523
"v12",1,6.29585132846227,1.2851046474475e-06
"v13",1,7.80606112651547,0.0150975071407606
"v14",1,7.80606464450193,3.51798645997733e-08
"v15",1,8.5852188997009,0.00779091193321719
"v16",1,8.58555881667923,3.3991697832942e-06
"v17",1,8.68404087562209,0.000984819315897831
"v18",1,8.68432102493747,2.80149315380929e-06
"v19",1,13.026286779044,0.0433108422522294
"v20",1,13.0262902564901,3.47744612234469e-08
"v21",1,13.5979834412597,0.0057166827297173
"v22",1,13.8553151440167,0.00257329430727164
"v23",1,14.3523967637255,0.00497065243827501
"v24",1,14.9807296221505,0.0062829978488982
"v25",1,14.9814274523011,6.97830150599348e-06
"v26",1,15.8792768684742,0.00897752923744222
"v27",1,15.9352638327598,0.000559869408865527
"v28",1,19.0430826226027,0.0310382270051919
"v29",1,19.7943988017496,0.0075125963759327
"v30",1,19.7945424398988,1.43638149138582e-06
"v31",1,19.880073064916,0.000855305415909184
"v32",1,19.900528096998,0.000204550309408733
"v33",1,21.0599729763867,0.0115923710325762
"v34",1,21.989543943439,0.00929463882617144
"v35",1,21.9895746198938,3.06764547515572e-07
"v36",1,21.9897143681703,1.39748276567892e-06
"v37",1,22.2697540695073,0.00280036773195121
"v38",1,23.940041685685,0.0166966657741911
"v39",1,27.9451923688121,0.0399660627234645
"v40",1,28.1189896310047,0.00173796562245165
"v41",1,34.0395753520811,0.05893068538312
"v42",1,34.504686294985,0.00465097527820477
"v43",1,34.5047227064222,3.64114371838292e-07
"v44",1,35.6476758444015,0.0114275410124132
"v45",1,36.2702128207288,0.00622504809571413
"v46",1,36.3043468977909,0.000341340717593548
"v47",1,36.5871824028156,0.00282832488304961
"v48",1,36.5876959621502,5.13559334604249e-06
"v49",1,37.7113070579131,0.0112342199247674
"v50",1,41.0359719973919,0.0331977374407735
"v51",1,43.7343876397374,0.026957989081575
"v52",1,48.0356751377764,0.0429070835449855
"v54",1,51.3890147172148,0.033483208857989
"v55",1,52.756685874572,0.0136733015777738
"v56",1,59.7833796767749,0.0698079781267652
"v57",1,60.0827059259327,0.00299322673409718
"v58",1,60.0828062785403,1.0035260760489e-06
"v59",1,60.0828083265526,2.04801227026289e-08
"v60",1,60.3467768484539,0.00263966069506919
"v61",1,60.9642032031386,0.00617394973615337
"v62",1,62.1932971937768,0.0122884648273948
"v63",1,62.9562247070352,0.00762868309657241
"v64",1,63.5226685842212,0.00566419645306376
"v65",1,66.296656301449,0.0277114510270384
"v66",1,68.3792872675477,0.0208142738760716
"v67",1,70.6853608737443,0.0230443984392698
"v68",1,72.1605752725863,0.0147478648831588
"v69",1,72.1607726891204,1.97416534161041e-06
"v70",1,72.9376571761719,0.00776821974654993
"v71",1,77.3809643485145,0.0443164745343233
"v72",1,77.3809964134747,3.20649602517364e-07
"v73",1,80.1389692812718,0.0275517916317715
"v74",1,80.8270143707266,0.00688001662783575
"v75",1,80.8273652173114,3.50846584748167e-06
"v76",1,81.1344162405728,0.0030704716347001
"v77",1,81.538106990174,0.00403681978102477
"v78",1,81.574501850576,0.000363948539742061
"v79",1,82.032065579756,0.00457550956590324
"v80",1,82.0320977006971,3.2120941083119e-07
"v81",1,82.0321158560329,1.81553358371111e-07
"v82",1,82.0322415472413,1.25691208394424e-06
"v83",1,83.0347684909347,0.0100239261862695
"v89",1,90.7625064247016,0.0766678895504494
"v90",1,92.1261185007683,0.0136327410302113
"v91",1,93.5480258147488,0.0142152412577434
"v92",1,93.7216522028398,0.00173625690206043
"v93",1,93.9480192054232,0.00226365455995798
"v94",1,96.0336047454076,0.0208437683414665
"v95",1,96.32901354871,0.00295405366116939
"v96",1,99.3735382744936,0.0304076761798171
"v97",1,100.632700941981,0.0125889654958141
"v98",1,101.96296162599,0.0132994690343212
"v99",1,103.385318632429,0.0142197345463508
"v100",1,103.639461304124,0.00254140483091532
"v101",1,105.604804939777,0.0196433208901256
"v102",1,106.88885637142,0.0128376922226474
"v107",1,117.889030404362,0.108260689487922
"v108",1,120.402431621511,0.0251128633844628
"v109",1,120.407896066822,5.46444528954585e-05
"v110",1,120.502950799953,0.00095054618616407
"v111",1,121.187062871005,0.0068406938480518
"v112",1,121.570000848785,0.00382930490675692
"v113",1,122.534459681586,0.00964339234450697
"v114",1,123.149531113543,0.00615040408576255
"v115",1,124.226228937437,0.0107653142911498
"v116",1,127.048622313729,0.0281939947000364
"v117",1,130.887971828553,0.0383182135832609
"v118",1,133.41982520373,0.0252969160663987
"v119",1,135.404066177568,0.0198319997923081
"v120",1,135.895466812611,0.00491384814218595
"v121",1,139.043051365661,0.0314343326297064
"v122",1,140.267014324514,0.0122371853731281
"v123",1,141.612547438157,0.0134520840330035
"v124",1,142.732630370264,0.0111989560436143
"v125",1,146.992025268657,0.0424912127457999
"v126",1,148.169519318199,0.0117727641963911
"v127",1,149.67859474102,0.0150861737232162
"v128",1,151.442502416372,0.0176317628346024
"v129",1,151.531776789161,0.00089274277921012
"v130",1,152.002238982802,0.00470448310186446
"v131",1,154.088743439083,0.0208529415280104
"v132",1,156.069288391745,0.0197950976194476
"v133",1,157.513879246398,0.0144418903762625
"v134",1,164.220052329993,0.0666624766858458
"v135",1,164.460893388001,0.00240839195379111
"v136",1,164.51351799036,0.000526245829278163
"v137",1,164.607537765086,0.000940196639120083
"v138",1,167.657355154389,0.0304604067258188
"v139",1,168.455734980308,0.00798311980097679
"v140",1,168.634816156053,0.00179080409995967
"v141",1,169.133814938734,0.00498982216595772
"v142",1,170.097747652866,0.0096381331137983
"v143",1,171.166388212589,0.0106847787216087
"v144",1,171.340349492314,0.00173960577794615
"v145",1,171.340514342701,1.64850386597412e-06
"v146",1,171.951133582452,0.00610588885167432
"v147",1,172.029433766452,0.000783001199932044
"v148",1,172.052110182747,0.000226764147402036
"v149",1,172.052308649827,1.98467080308754e-06
"v150",1,172.11858816916,0.000662794805112369
"v151",1,172.128207233702,9.61906442264113e-05
"v152",1,172.128223441422,1.62077197083309e-07
"v153",1,172.128296376175,7.29347538893175e-07
"v154",1,172.130913939762,2.6175635839238e-05
"v155",1,172.130917991742,4.05198053913229e-08
"v156",1,172.159437655307,0.000285196604714539
"v157",1,173.528610065074,0.0136883028626389
"v158",1,173.528726847139,1.16782065021799e-06
"v159",1,173.528900007166,1.73160026603383e-06
"v160",1,173.528956384955,5.6377789550119e-07
"v161",1,173.529234247682,2.77862726757545e-06
"v162",1,173.529242301693,8.05401103194174e-08
"v163",1,173.529342976921,1.00675227770652e-06
"v167",1,174.941293025334,0.0141157485238883
"v168",1,175.119367905799,0.00178074127553229
"v169",1,175.11939644383,2.85380301653595e-07
"v170",1,176.442568317018,0.0132286308130361
"v172",1,179.460863794158,0.0301463454707793
"v173",1,179.460867896212,4.10205396525415e-08
"v174",1,179.46087610032,8.20410823998154e-08
"v175",1,179.460945835249,6.97349289553148e-07
"v176",1,179.461327326621,3.81491371989612e-06
"v177",1,179.461335530742,8.20412085766208e-08
"v178",1,181.682596949139,0.0221980127655794
"v179",1,182.485426662417,0.00802760726753785
"v180",1,182.748384557417,0.00262955470665737
"v181",1,184.733043630135,0.0198361742020574
"v182",1,185.156203725174,0.00423149992270573
"v184",2,0,0.5
"v185",2,0.000385133920091651,3.85133920085832e-06
"v189",2,2.50547479844102,0.0250299568359464
"v190",2,2.85613636483203,0.00350655817359383
"v191",2,3.08914319290292,0.00233005141358994
"v192",2,8.00442848092676,0.0489951246506782
"v193",2,8.00520678023325,7.78299306421656e-06
"v194",2,9.83556084930823,0.018295369011113
"v198",2,10.1497601566821,0.00314195171688002
"v199",2,11.1618166890313,0.0101191834067226
"v200",2,11.1623467999309,5.30110899575784e-06
"v201",2,11.1624571470422,1.10347111273405e-06
"v202",2,11.1630013580512,5.44211008941959e-06
"v203",2,11.1630256651697,2.43071185084703e-07
"v204",2,11.1630645400777,3.88749080377409e-07
"v205",2,11.1634401290937,3.75589015951576e-06
"v206",2,11.1635150361525,7.49070588111281e-07
"v207",2,11.1635898763059,7.48401534581866e-07
"v208",2,11.1712379200931,7.64804372749491e-05
"v209",2,11.1713185454102,8.06253171040248e-07
"v210",2,11.1715806317662,2.62086356059672e-06
"v211",2,11.1716689855813,8.83538150999857e-07
"v212",2,11.5002468718064,0.00328573156387474
"v213",2,15.9182131514057,0.044065045063781
"v214",2,17.6753852741995,0.0175644907475469
"v215",2,17.6754192650061,3.39908066377973e-07
"v216",2,20.8721527535742,0.0319238489793344
"v217",2,25.0751315285848,0.0419310724187492
"v218",2,40.5401185125075,0.149899955043991
"v219",2,45.2199065237376,0.0466617048549756
"v220",2,45.4113175191142,0.00191410060322306
"v221",2,46.3988055768824,0.00987359686882008
"v222",2,47.7795413474393,0.0138038490720056
"v223",2,48.6871149247439,0.00907473915892733
"v224",2,48.7076346659221,0.00020519740026198
"v225",2,48.7078564733663,2.21807444199441e-06
"v226",2,49.4198438227612,0.0071193922997927
"v227",2,49.6640817809247,0.00244236015605184
"v228",2,49.6641122012343,3.04203095375392e-07
"v229",2,49.6642394133073,1.27212073002082e-06
"v230",2,62.7101824744855,0.127577386777902
"v231",2,62.7557060277197,0.000455235406551908
"v232",2,64.8218135490344,0.0206493235057456
"v233",2,65.0700435181116,0.00248227929702114
"v234",2,70.2416861555143,0.0515327853002704
"v235",2,70.2417791129819,9.29574676019148e-07
"v236",2,71.0588108622115,0.00816959036716763
"v237",2,75.7720992102439,0.0469937697791506
"v238",2,77.3311955983265,0.0155859127483551
"v239",2,77.3492240084104,0.000180284093026552
"v240",2,78.2374379607231,0.00888120532994595
"v241",2,80.2608739003936,0.020223320575225
"v242",2,80.4584205338356,0.00197545605556098
"v243",2,80.4586021295047,1.81595669049025e-06
"v244",2,82.77082824101,0.0231057924537518
"v246",2,91.0479391142781,0.0820232131471391
"v247",2,94.166783161496,0.0311480532170767
"v248",2,101.724832329423,0.0750100425215882
"v249",2,102.939778587925,0.0121470719824422
"v250",2,103.085953334723,0.00146174330356407
"v252",2,105.025072057816,0.019381471158755
"v254",2,107.67188891703,0.0264434727471387
"v255",2,107.709132415907,0.000372434919888382
"v256",2,116.087609230834,0.08300926445572
"v257",2,118.198900837644,0.0211003767542921
"v258",2,119.634268246931,0.0143497323813134
"v259",2,125.075894433448,0.054202430100018
"v262",2,129.090054163091,0.0400555762974438
"v263",2,136.0253696415,0.0689117792398492
"v264",2,137.602011197737,0.0157611920220784
"v265",2,138.473871705351,0.00871772153467296
"v266",2,139.716780372574,0.0124265272080595
"v267",2,139.828888109347,0.00112107548908289
"v268",2,140.064100625494,0.00235210781080798
"v269",2,141.226534179127,0.0116222416684947
"v270",2,142.564549833938,0.013376963555328
"v271",2,144.549221418633,0.0198362991249049
"v272",2,145.988129719425,0.0143851120595043
"v273",2,146.675502319501,0.00687329300609045
"v274",2,146.794111809684,0.00118609267699807
"v275",2,147.244944941507,0.00450820914611643
"v276",2,149.819903609207,0.0257268467510984
"v277",2,149.822776457503,2.8728482926629e-05
"v278",2,149.994079525811,0.00171302398065076
"v279",2,149.994605708849,5.26183038553224e-06
"v280",2,151.526451157396,0.0153136635473135
"v281",2,153.142736997516,0.0161572309498003
"v287",2,154.559875975032,0.0141675963061594
"v292",2,154.813699727603,0.00253821572196347
"v293",2,155.545028341528,0.00731276465730643
"v294",2,158.034184310511,0.0248710166480215
"v295",2,162.68796665436,0.0464039005917891
"v296",2,162.734123620825,0.000461569533538098
"v297",2,164.06312932363,0.0132869280929387
"v298",2,164.645656328599,0.00582500649949716
"v299",2,166.033082960661,0.0138707064429147
"v300",2,166.711525646876,0.00678401052395868
"v301",2,171.961933904583,0.0523119474663055
"v302",2,174.746204565048,0.0278139634285385
"v303",2,176.242117508609,0.0149546677164604
"v304",2,176.424459867968,0.00182341551008871
"v305",2,179.90819921715,0.0347811291543352
"v306",2,182.057107658091,0.0214758631838292
"v307",2,183.773886121931,0.0171610412720425
"v308",2,185.732903717348,0.0195801578127894
"v309",2,187.006910788624,0.0127373143175762
"v310",2,187.007139956833,2.29168208731045e-06
"v311",2,187.007590655912,4.50699078972521e-06
"v312",2,188.013807958259,0.0100608148860013
"v313",2,189.359978182812,0.0134584505282855
"v314",2,190.665446808324,0.0130517206068262
"v315",2,197.763483217098,0.0705073578536879
"v316",2,197.763620217862,1.37000763231821e-06
"v317",2,199.411338587021,0.0164712215941062
"v318",2,202.533814079693,0.0311842265785831
"v319",2,205.776058787545,0.0323770794293411
"v320",2,206.514598739994,0.00738486246447949
"v321",2,207.294756011196,0.00780093965485332
"v322",2,207.761549557952,0.00466779985555728
"v323",2,209.085043656442,0.013231850809964
"v324",2,209.188713970298,0.00103670165297177
"v325",2,215.229816449987,0.0601187718026427
"v326",2,215.964354108086,0.00734484820455257
"v327",2,216.037275446843,0.000729212870552306
"v332",2,220.86911904598,0.0481685855108363
"v333",2,220.869401913605,2.82867624519331e-06
"v334",2,221.035503317342,0.00166100792714973
"v336",2,222.606590824112,0.0157057065217685
"v337",2,224.520926315647,0.0191340064931389
"v338",2,225.434524664128,0.00913496689287399
"v339",2,226.778522302154,0.0134367403784574
"v341",3,0,0.5
"v342",3,6.11842585332423e-05,6.11842585349338e-07
"v343",3,0.00043120449010059,3.7002023156139e-06
"v344",3,0.000474907796739477,4.37033066378843e-07
"v345",3,0.483451975849289,0.00482962046941387
"v346",3,0.48384842266766,3.96446818360484e-06
"v347",3,0.483989382229173,1.40959561512205e-06
"v348",3,1.03491376641757,0.00550902089899157
"v349",3,1.34552635209779,0.00310608590014212
"v350",3,1.79562616738922,0.00450087657598681
"v351",3,2.0334561048074,0.00237828143781944
"v352",3,2.03653535597104,3.07925115974639e-05
"v353",3,2.29962488323832,0.00263087099290053
"v354",3,5.37002181673637,0.0306654332372814
"v355",3,5.40384070966288,0.000338188877692773
"v356",3,11.6723482497061,0.062358705946384
"v357",3,11.672846825116,4.98575409904383e-06
"v358",3,11.8471693206492,0.00174321789220685
"v359",3,13.4447146112899,0.0159700188896912
"v360",3,13.8400478073328,0.0039532495811992
"v361",3,19.4135029587498,0.0555048524445856
"v362",3,19.4160727462182,2.56978746617042e-05
"v363",3,19.5753680124314,0.00159294727266827
"v364",3,21.2716835490914,0.0169566501950344
"v365",3,23.5548416470251,0.0228157253083979
"v366",3,25.6244449583295,0.0206842216813859
"v367",3,27.7924200269226,0.0216661745832051
"v368",3,27.7925499134453,1.29886522656378e-06
"v369",3,30.538667717409,0.0274335994191949
"v370",3,30.5391963607986,5.28643389501216e-06
"v371",3,31.9055062732177,0.013659699298159
"v374",3,32.9116357532678,0.0100599370185744
"v375",3,39.3256973406231,0.0637910822247291
"v376",3,39.4172574175148,0.000915599745490501
"v377",3,39.4831779834734,0.000659205277640394
"v378",3,39.4832035049989,2.55215255499616e-07
"v379",3,41.2996724281932,0.0181567020525609
"v380",3,45.5318106273409,0.0422206017258759
"v381",3,52.7950674372558,0.0721259474347989
"v386",3,57.2814270382001,0.0447435840064163
"v387",3,58.4618407476239,0.0118019445687009
"v388",3,58.4799779970611,0.000181372486417627
"v389",3,60.8031273023476,0.0232147900234786
"v390",3,62.9041859573304,0.0209982285942322
"v391",3,65.1071426540233,0.0220153233747867
"v392",3,65.1150167473989,7.87409331050908e-05
"v393",3,70.0350732863211,0.0490423785779043
"v394",3,70.8737593194515,0.00838607385055931
"v395",3,73.7132299233129,0.0283642207022883
"v396",3,75.7070251130778,0.0199273909173703
"v397",3,77.8144185488565,0.0210614643387081
"v398",3,77.814628119583,2.09570726540701e-06
"v399",3,77.8146606391676,3.25195846355041e-07
"v400",3,77.8147148384688,5.41993011765492e-07
"v401",3,78.5475267800344,0.00732759475434971
"v402",3,83.2404527657154,0.0467919371827846
"v403",3,83.959425428501,0.00718923113208619
"v404",3,83.9629098257866,3.48439727995178e-05
"v405",3,89.8229816519611,0.0583338677607722
"v406",3,93.5829982958888,0.0375294489579024
"v407",3,93.583642290525,6.43994636199846e-06
"v408",3,93.5965683472026,0.000129260563896095
"v409",3,93.5965743087339,5.9615313016912e-08
"v410",3,93.5977785254399,1.20421670571276e-05
"v411",3,94.8795734641426,0.0128151421425128
"v412",3,95.194570212721,0.00314992581323614
"v413",3,98.9678472139332,0.0376613028358836
"v414",3,98.9678532702615,6.05632827693522e-08
"v415",3,99.4200285508742,0.00452162953965183
"v416",3,99.4203075770936,2.79026219373933e-06
"v417",3,99.4289089994303,8.6014222518437e-05
"v418",3,99.4289575272424,4.85278121264723e-07
"v421",3,105.965141370613,0.0649920500657661
"v422",3,105.96539538515,2.54014537075657e-06
"v423",3,105.991805390465,0.000264100028588995
"v424",3,106.347204165011,0.00355392789358656
"v425",3,106.348305174817,1.10100980638488e-05
"v426",3,106.659923165099,0.00311613955690498
"v427",3,114.507924727705,0.0778418143972406
"v428",3,114.507974978883,5.02511775861027e-07
"v429",3,114.508056636995,8.16581115103351e-07
"v430",3,116.720757980335,0.0221125800861858
"v431",3,116.720809844534,5.1864199816071e-07
"v432",3,121.962061434583,0.0522213813589109
"v433",3,122.295694204221,0.00333627818134356
"v434",3,122.295890651276,1.96447054862761e-06
"v435",3,122.296840141792,9.49490516306038e-06
"v436",4,0,0.5
"v437",4,4.8933223248393e-05,4.8933223245834e-07
"v438",4,6.60598458740447e-05,1.71266226267543e-07
"v439",4,8.31864656436476e-05,1.7126619767932e-07
"v440",4,8.80797850488779e-05,4.89331940373466e-08
"v441",4,0.000185946124214853,9.7866339167074e-07
"v442",4,0.0208360928846935,0.00020650145586373
"v443",4,0.367141759988882,0.00346300129662078
"v444",4,1.69088968041816,0.0132343872514347
"v445",4,2.20069420549875,0.00509786859344619
"v446",4,2.20077898223486,8.47767361073918e-07
"v447",4,2.27836529024641,0.000775862457394448
"v448",4,2.27842925680536,6.39665589497119e-07
"v449",4,2.83745533375608,0.00559002784605269
"v450",4,3.35328358416089,0.00515809951056721
"v451",4,3.35333054757914,4.69634182521418e-07
"v452",4,3.3533399402391,9.39265995617815e-08
"v453",4,3.35341038493708,7.0444697979592e-07
"v454",4,3.35343151825984,2.11333227633826e-07
"v455",4,3.35349022189664,5.87036367962786e-07
"v457",4,3.35362641447255,1.36192575906359e-06
"v459",4,6.49626048227113,0.0313850231368122
"v460",4,6.95123061324587,0.00454957574347232
"v461",4,7.75179543580732,0.00800496418212588
"v462",4,7.93494631040585,0.00183150055448605
"v463",4,7.93517844014799,2.32129742137856e-06
"v464",4,8.53416455859916,0.00598957465848358
"v465",4,8.53485358502069,6.89026421483131e-06
"v466",4,9.93781608192386,0.0140259441863863
"v467",4,9.94364573803872,5.82965608844367e-05
"v468",4,9.94387411485782,2.28376819108315e-06
"v469",4,10.1100176780383,0.0016614295169323
"v470",4,11.8996058170565,0.0178882434626797
"v471",4,11.8996333429586,2.75259021697315e-07
"v472",4,11.8997434466448,1.10103686195215e-06
"v473",4,12.2168640326469,0.00317116333886562
"v474",4,27.8077802130629,0.15104519470559
"v475",4,30.3299452609388,0.0252002798428123
"v476",4,33.6265008726424,0.0329178729062073
"v477",4,34.8961028597958,0.0126932919647466
"v479",4,42.4004266303159,0.0744847955328786
"v480",4,50.1470740628936,0.076852527847465
"v481",4,57.6633500850088,0.0746016614485666
"v482",4,57.7271343274762,0.000637842078671317
"v483",4,58.517019644548,0.00789819613722766
"v484",4,62.45163114649,0.0392650991814909
"v485",4,65.5800114833581,0.0312430448989909
"v486",4,66.0542337128913,0.00474208010540486
"v487",4,66.666737515002,0.00612473165618682
"v488",4,67.771364925143,0.0110444772945234
"v489",4,68.5302087248766,0.0075878554169015
"v492",4,71.9560221235637,0.0342046264307324
"v493",4,73.8066311414367,0.0184976442998426
"v494",4,75.3764909284426,0.0156934414282923
"v495",4,76.0560063320901,0.00679473572038315
"v496",4,76.5378138620699,0.00481792617723604
"v498",4,76.6194997445374,0.0008168580979346
"v499",4,77.2653311585729,0.00645795499748289
"v500",4,77.9593027015296,0.00693926984487802
"v501",4,78.2859204605746,0.00326613113349815
"v502",4,78.2930718767915,7.15141616813421e-05
"v503",4,78.429882997403,0.00136810779181529
"v504",4,78.4955237524039,0.000656407172906606
"v505",4,78.6684775690554,0.00172953126845335
"v506",4,78.8248545813831,0.00156376502461996
"v507",4,80.0173069052441,0.0119222629545921
"v508",4,80.0315988963275,0.000142919906941419
"v509",4,80.0316002888513,1.39252374083729e-08
"v510",4,80.0971714562972,0.000655711298555471
"v511",4,80.0974116899621,2.40233664921194e-06
"v512",4,80.403169639465,0.00305754138269758
"v513",4,80.4949808358629,0.000918110932108579
"v514",4,81.9237631853923,0.0142839357738725
"v515",4,82.947521085111,0.010236148596492
"v516",4,83.9281822543798,0.0098053544218163
"v517",4,84.7804835539694,0.00852218758971857
"v518",4,85.9940904029122,0.0121336857834109
"v519",4,86.9157954803509,0.00921600688219721
"v520",4,86.9164220942419,6.26613890995411e-06
"v521",4,88.4950599694046,0.0157811353495919
"v522",4,92.0889840558892,0.0358774749515969
"v523",4,92.5883936122079,0.00499392949289427
"v524",4,92.6125270553049,0.000241334412228686
"v525",4,93.1306233476442,0.00518077750554444
"v526",4,94.7113365041175,0.0158018674620531
"v536",4,100.830572540875,0.0608886662692397
"v537",4,101.06702427999,0.00236449976479815
"v538",4,101.196318853813,0.00129294285632964
"v539",4,103.687861298406,0.0248948222997299
"v540",4,103.73035753409,0.000424962254512454
"v541",4,103.730508244432,1.50710342380115e-06
"v542",4,103.731163669553,6.55425121271593e-06
"v543",4,104.073979377556,0.00342810336290912
"v544",4,106.951628328956,0.0287447589968007
"v545",4,106.952332726624,7.04397668183677e-06
"v546",4,107.249904088197,0.00297567848347309
"v547",4,108.68844292337,0.0143814204607017
"v548",4,109.81041760638,0.0112178640463334
"v549",4,110.308526033592,0.00498091949641506
"v550",4,110.308861600428,3.35566836521482e-06
"v551",4,110.930901387185,0.00622007697005871
"v552",4,114.530205186317,0.0359309946754885
"v553",4,114.602132103017,0.000719268670849436
"v554",4,114.846490043814,0.0024435599537434
"v555",4,117.280883866561,0.0243247206053843
"v556",4,120.369635924898,0.0308482899370245
"v557",4,120.369652702421,1.67775231032622e-07
"v558",4,120.369661091184,8.3887629923644e-08
"v559",4,121.108489213389,0.00738774353316343
"v560",4,121.108920333641,4.31120252104415e-06
"v561",4,121.111332087437,2.41175379442492e-05
"v562",4,121.608840585873,0.00497492080329853
"v563",4,121.609020277184,1.79691311160229e-06
"v564",4,122.485886236742,0.00876776075029662
"v565",4,122.965946283315,0.00480045295982093
"v566",4,123.479835870254,0.00513871493136671
"v567",4,123.686934437592,0.00207097383024081
"v568",4,123.686955647289,2.12096966003519e-07
"v569",4,123.687087146753,1.3149946367612e-06
"v570",4,123.687188952014,1.01805261107688e-06
"v571",4,123.725274813858,0.000380858544783828
"v572",4,123.725363663849,8.88499912735693e-07
"v573",4,125.802648840566,0.0207609083840442
"v574",4,126.342533793841,0.00539863972470244
"v575",4,126.834391207966,0.00491841549142001
"v576",4,126.842152569587,7.76136155908355e-05
"v577",5,0,0.5
"v578",5,0.748168763736076,0.00748112929759569
"v579",5,0.862406553961869,0.00114237591448299
"v580",5,0.86243514724206,2.85932801900675e-07
"v581",5,1.14643099631827,0.0028399279507567
"v582",5,1.22516925589007,0.000787381944845831
"v583",5,1.22528921676723,1.19960877155332e-06
"v584",5,1.22529675721119,7.54044395893312e-08
"v585",5,1.22533377401496,3.7016803767625e-07
"v586",5,1.29539334980915,0.000700595299440281
"v587",5,1.55725567119859,0.00261859927230306
"v588",5,1.55729754607865,4.18748800652682e-07
"v589",5,2.02670065451197,0.00469389318527192
"v590",5,3.00085383492654,0.00974029939600475
"v591",5,3.70563405926598,0.00704733551378721
"v592",5,3.70568995339618,5.58941301966717e-07
"v593",5,3.83879257182528,0.00133102304018407
"v594",5,4.13501633379757,0.00296220296261509
"v595",5,4.6730864150957,0.00538049311362419
"v596",5,4.67315544580317,6.90307074746319e-07
"v597",5,4.6731809871925,2.55413893236186e-07
"v598",5,5.29624769430653,0.00623034458177381
"v599",5,6.10814071209083,0.00811821668543742
"v600",5,6.58459067499974,0.00476435542590318
"v601",5,6.58462116109501,3.04860952730875e-07
"v602",5,6.58462190465773,7.4356272810061e-09
"v603",5,6.58473195164149,1.10046983757887e-06
"v604",5,6.5847854877965,5.35361550074929e-07
"v605",5,8.60335070252342,0.0201746928160343
"v606",5,9.84654541818175,0.0124293859251575
"v607",5,9.84654683415429,1.41597254352979e-08
"v608",5,9.84654825012688,1.41597259348982e-08
"v609",5,9.98829346904553,0.00141744839199408
"v610",5,10.1427483625705,0.00154454402230207
"v611",5,11.5798501418518,0.0143670617786934
"v612",5,11.9633053824635,0.00383447723126948
"v613",5,12.012038162348,0.000487327644532782
"v614",5,12.7464317951245,0.00734340826205205
"v615",5,14.3178229043914,0.0157087395505779
"v616",5,14.6063743295782,0.00288548221849813
"v617",5,14.9605005020103,0.00354120251308873
"v618",5,14.9606039975052,1.03495494959315e-06
"v619",5,14.9606469583235,4.29608182439787e-07
"v620",5,14.9606723443785,2.53860550032212e-07
"v621",5,14.9729909175825,0.000123185729547911
"v622",5,14.9955987681656,0.000226078490423753
"v623",5,15.0679494053628,0.000723505867001888
"v624",5,16.1609195537978,0.0109279609578578
"v625",5,16.1785079826483,0.000175884281250183
"v626",5,16.3606059325406,0.00182097144788957
"v627",5,24.3348302501324,0.0790729623662584
"v628",5,24.7172218327392,0.00382384127505503
"v629",5,24.7288165615901,0.000115947286430712
"v630",5,25.1667599944151,0.00437932233819347
"v631",5,28.0777542238348,0.0290770969095291
"v632",5,28.0907141695938,0.00012959945468792
"v633",5,28.1013543949308,0.000106402251763384
"v634",5,29.5375664444121,0.0143581718222014
"v635",5,29.5376048052793,3.83608672003056e-07
"v636",5,29.5376671419593,6.23366799273352e-07
"v637",5,29.5380435667272,3.76424767939055e-06
"v638",5,30.527587162382,0.00989414421538926
"v639",5,30.8384422817871,0.00310851114372152
"v640",5,30.9370596399554,0.000986172302896018
"v641",5,31.9331591341885,0.00995967735941603
"v642",5,31.9337304142764,5.71280087793078e-06
"v643",5,31.9337881518809,5.77376045658147e-07
"v644",5,31.9337942295433,6.07766235070576e-08
"v645",5,31.9339218613225,1.27631779208739e-06
"v646",5,31.9978577967877,0.00063935900617553
"v647",5,32.1066372024622,0.00108779234050547
"v648",5,32.1066402563291,3.05386688381299e-08
"v649",5,32.8997899950949,0.00793083217488133
"v653",5,40.2535167321897,0.073011589045944
"v654",5,40.7039974237511,0.00450468502979506
"v655",5,40.7986649370421,0.000946674001706185
"v657",5,46.778289752787,0.0595127937487169
"v658",5,46.8553138502122,0.000770240364970057
"v659",5,47.6776600614119,0.00822272070644186
"v660",5,50.2825303284685,0.026025161622188
"v661",5,50.6618166817826,0.00379279078357811
"v662",5,51.5707424467082,0.00908825657434506
"v663",5,52.4942868089754,0.00923439346923646
"v664",5,60.3303160402099,0.0777249885116494
"v665",5,66.3014031142898,0.0594286241717936
"v666",5,67.8474349223007,0.0154553928337964
"v667",5,73.0342258313316,0.0516826542053161
"v668",5,74.1524179261993,0.0111800571409193
"v669",5,74.3589231150181,0.00206504014655033
"v670",5,78.7751670111803,0.0440479549535526
"v671",5,78.7753036886965,1.36677516178989e-06
"v672",5,78.7761403145202,8.3662582368698e-06
"v673",5,79.4677308604299,0.00691546444482346
"v674",5,80.2712107063884,0.00803410691713756
"v675",5,82.0462886610317,0.0177433258425196
"v676",5,82.6448717283118,0.00598554472476191
"v677",5,82.6450709537861,1.99225474347086e-06
"v678",5,85.9536508552124,0.0330375927314021
"v679",5,86.556033869391,0.00602353871351835
"v680",5,87.0167377489009,0.00460690842151735
"v681",5,87.3165567674762,0.0029981542513845
"v682",5,89.1136105647591,0.0179628040892601
"v683",5,89.9418719725385,0.00828185655911083
"v684",5,90.3491446465705,0.00407263666972581
"v685",5,91.1277231555716,0.007785155868079
"v686",5,91.9715799657317,0.00843776698535871
"v687",5,93.9732250017186,0.0200057642013157
"v688",5,93.9732318562351,6.85451648619245e-08
"v689",5,95.1379301880406,0.0116448771896449
"v690",5,97.4600759845522,0.0232047765590981
"v691",5,97.5435734171957,0.000834973550263605
"v692",5,99.2033579348763,0.0165917511764057
"v693",5,99.4027738807629,0.00199414888544262
"v694",5,99.4035727455674,7.98864804427521e-06
"v695",5,101.680459201604,0.0227531391214914
"v696",5,105.697707437285,0.0400862629918981
"v697",5,105.906833393364,0.00209124736641604
"v698",5,105.969146546153,0.00062313120528104
"v699",5,106.711796265311,0.00742595111634913
"v700",5,106.711841267749,4.5002437389761e-07
"v701",5,106.711854125588,1.28578388844796e-07
"v702",5,106.901843554205,0.00189988514241657
"v703",5,106.90188533435,4.1780145648029e-07
"v704",5,108.046150097191,0.0114406504018317
"v705",5,109.287672232735,0.0124126704459706
"v706",5,109.529196899833,0.00241522788562989
"v707",5,110.675021990179,0.0114562454965917
"v708",5,111.206965796056,0.00531923737311045
"v709",5,111.211612411856,4.64661578591172e-05
"v710",5,112.41437073477,0.0120252638414986
"v711",5,112.480225631152,0.000658548583014617
"v712",5,112.480266669059,4.10379072965365e-07
"v713",5,112.531135757821,0.000508690712106456
"v714",5,114.07509536341,0.0154346905824807
"v715",5,114.18551815654,0.00110422613609304
"v716",5,114.765764898498,0.0058022069521261
"v717",5,114.860689356914,0.000949243443716918
"v718",5,115.645547793919,0.00784793980028943
"v719",5,117.79314801006,0.0214628050559599
"v720",5,120.959446090191,0.0316207238596638
"v721",5,121.490196491115,0.00530730467121328
"v722",5,121.742415962219,0.00252217331812179
"v723",5,122.521211511619,0.00778732574574109
"v724",5,122.521299392676,8.78810561911902e-07
"v725",5,126.089105917738,0.0356176343557549
"v726",5,128.609112913597,0.0251787540950279
"v727",5,128.610431292618,1.31837902024274e-05
"v728",5,130.959865960353,0.0234770705868514
"v729",5,130.960370117694,5.04157340897988e-06
"v730",5,133.708635530298,0.0274550108033147
"v731",5,135.773120947434,0.0206331301085148
"v732",5,138.143882303258,0.0236898630054854
"v733",5,138.144180374726,2.98071468160407e-06
"v734",5,138.144211058658,3.06839319223674e-07
"v735",5,138.144509132153,2.9807349471515e-06
"v736",5,138.70019644835,0.00555664438688039
"v737",5,138.810375839882,0.00110179213195808
"v738",5,139.022053399244,0.0021167629474174
"v739",5,142.966664562509,0.0393644775542893
"v740",5,143.647577657591,0.00680871004825628
"v741",5,144.597598536481,0.00949906571192449
"v742",5,145.961866691645,0.0136392969415036
"v743",5,146.588174154647,0.00626274708255351
"v744",5,146.588662803238,4.88648590686213e-06
"v745",5,153.141893756827,0.0651596334777058
"v746",5,155.480719941867,0.0233712185912694
"v747",5,156.932748591048,0.014516205950189
"v748",5,157.552636616599,0.00619856267650639
"v749",5,158.853256760819,0.0130032687084667
"v750",5,159.249397437161,0.003961323878379
"v751",5,161.715137558821,0.0246374321217583
"v752",5,162.783009766752,0.0106770987098997
"v753",5,164.693033164,0.0190909485563443
"v754",5,167.813872341222,0.031167927040604
"v755",5,170.51463259307,0.0269813669612563
"v756",5,175.490389653881,0.0495939645629092
"v757",5,176.383869781033,0.00893385036470807
"v758",5,176.560918761972,0.00177048240964123
"v759",5,177.815826780317,0.0125464458848251
"v760",5,178.614355120365,0.00798460456358838
"v761",5,179.554725741182,0.00940259760925303
"v762",5,179.571712087122,0.000169863452860947
"v763",5,179.571781372982,6.92858600617323e-07
"v764",5,179.57196036149,1.78988508278911e-06
"v765",5,179.587428631676,0.000154682696922741
"v766",5,182.659545884062,0.0306825716806226
"v767",5,183.178050533489,0.00518486063765598
"v768",5,183.178236778032,1.86244542873188e-06
"v769",5,183.304818168105,0.00126581119648169
"v770",5,183.304888034577,6.98664714757372e-07
"v771",5,189.126996074069,0.0579593641791461
"v772",5,197.40001916932,0.0819834349048991
"v773",5,199.607857630478,0.022064046167166
"v774",5,202.484399267985,0.0287337224410461
"v775",5,204.220629743608,0.0173553296400653
"v776",5,205.639027513714,0.0141801741164473
"v777",5,205.639324228156,2.96714442607663e-06
"v778",5,206.177437230068,0.00538092227005733
"v779",5,206.507039990028,0.00329597985725639
"v780",5,206.507156353565,1.16363537384599e-06
"v781",5,209.143853462232,0.0263425572151865
"v782",5,209.144935817987,1.08235575533158e-05
"v783",5,209.144994009173,5.81911858414037e-07
"v784",5,210.389396605982,0.0124414572652095
"v785",5,210.390566588374,1.16998239106395e-05
"v786",5,211.24338770167,0.00852738421574962
"v787",5,211.24378927098,4.01569309807398e-06
"v788",5,211.583981803878,0.00340187283554718
"v789",5,211.743921346887,0.00159938997496735
"v790",5,211.744026079494,1.04732606188831e-06
"v791",5,211.744084264272,5.81847787925478e-07
"v792",5,212.051560876421,0.00307472736285448
"v793",5,214.180782416919,0.0212793540601891
"v794",5,214.180974279727,1.9186280812251e-06
"v795",5,214.930810766907,0.00749780279018437
"v796",5,214.932328188886,1.51742197879417e-05
"v797",6,0,0.5
"v798",6,0.209874565115264,0.002098733325353
"v799",6,0.513057634896652,0.00303179354025392
"v800",6,1.15527234603982,0.0064217939682485
"v801",6,2.82226571308731,0.016663759945192
"v802",6,3.29582847508137,0.00473548602237467
"v803",6,3.92989893160507,0.00634036468700077
"v804",6,4.05906024578949,0.0012916102688487
"v805",6,4.05909042826141,3.01824719208858e-07
"v806",6,4.13968975856498,0.000805992604911707
"v807",6,5.20312026759728,0.0106327018910428
"v808",6,5.79896665647464,0.00595818184468476
"v809",6,5.81161742681806,0.000126507700734675
"v811",6,7.07426385730648,0.0126237809801408
"v812",6,9.52559390920834,0.0244936792649684
"v813",6,12.4815062732472,0.0295247356580539
"v814",6,16.2291399267568,0.0374063144049211
"v818",6,20.4913495917055,0.0425191569948455
"v819",6,20.9113453451918,0.00419985875664647
"v820",6,20.9113556126432,1.02674514067665e-07
"v821",6,23.7749615778452,0.0286047910054782
"v822",6,24.0123895658468,0.00237426203444071
"v823",6,24.6219584064556,0.00609538642399255
"v824",6,24.6835771328493,0.000616186951992191
"v825",6,30.7752788712388,0.0606173883797933
"v826",6,32.8064064990984,0.0203001111480204
"v827",6,33.2116809487388,0.00405265574504835
"v828",6,33.7515889361942,0.00539887003964542
"v829",6,33.7518033786608,2.14442466571804e-06
"v830",6,34.1587069447398,0.00406894583486084
"v831",6,34.1587243411026,1.73963627927862e-07
"v832",6,35.554628575508,0.0139554168246559
"v833",6,35.8383187917642,0.00283687172105019
"v834",6,36.3484547747049,0.00510118282726183
"v835",6,37.7637080735419,0.0141487546390409
"v836",6,38.2407921443118,0.00477069592800049
"v837",6,38.6415925610603,0.00400791832306542
"v838",6,39.6494276249777,0.0100769859411769
"v839",6,39.6496067721174,1.79147139644253e-06
"v840",6,39.8196232234045,0.00170015796033316
"v841",6,39.8220434103425,2.42018693606897e-05
"v842",6,41.8902817013347,0.0206705948231268
"v845",6,43.3378846880398,0.014471986514978
"v846",6,44.1865759569798,0.008486097726399
"v847",6,49.8604567243452,0.0564965105622714
"v848",6,50.0962823103369,0.00235823837322636
"v851",6,57.8148895825839,0.0765787272280534
"v852",6,62.0450980876707,0.042201442316139
"v853",6,62.045226270869,1.28183198301189e-06
"v854",6,62.0453628137201,1.36542851075266e-06
"v855",6,63.1948007960026,0.0114923553890626
"v856",6,64.9291774021006,0.0173368132569698
"v857",6,67.0388249047214,0.0210839649695508
"v858",6,70.4155129727132,0.0337156393949985
"v859",6,71.468613563261,0.0105294489677245
"v860",6,71.9483358571891,0.00479707574448629
"v861",6,72.363026274073,0.00414680908673517
"v862",6,74.1277587313132,0.0176400003923934
"v866",6,74.8796312889776,0.00751815890411695
"v867",6,76.0218023339914,0.0114197241652645
"v868",6,78.0319654169972,0.0200908077236677
"v869",6,78.0322623262924,2.96909295170939e-06
"v870",6,78.2656770570724,0.00233413035194371
"v871",6,79.8599347285417,0.0159371761682246
"v875",6,83.0542755019997,0.0319000192951568
"v876",6,83.551627855182,0.00497335950529966
"v878",6,84.1408273621038,0.00589172235879415
"v881",6,84.6523532136078,0.00511508006226124
"v882",6,84.7390788251576,0.000867255245775764
"v883",7,0,0.5
"v884",7,0.737053770346532,0.0073700038789604
"v885",7,0.737137021561693,8.32512151618754e-07
"v886",7,0.737179496631168,4.24750694778854e-07
"v887",7,1.24687138191875,0.00509674231258272
"v888",7,1.24690671711982,3.53352010736059e-07
"v889",7,1.24695383067659,4.71135567765923e-07
"v890",7,1.24712545820183,1.71627525231613e-06
"v891",7,1.24713218867921,6.73047738537467e-08
"v892",7,1.62838971177463,0.00381250134125431
"v893",7,1.64066964550568,0.000122799334841447
"v895",7,2.49605652322736,0.00855303437461901
"v896",7,2.49610159117748,4.50679501168945e-07
"v904",7,5.98819411665748,0.0348642557479963
"v905",7,5.98820072742933,6.61077184963462e-08
"v906",7,5.98820403281513,3.30538580193531e-08
"v907",7,5.98820733820087,3.30538572977082e-08
"v908",7,5.9882089908937,1.65269283902212e-08
"v909",7,5.98822386512838,1.48742346711048e-07
"v910",7,5.98829162551116,6.77603827795881e-07
"v911",7,5.98843375689029,1.42131379126304e-06
"v912",7,5.98856927728084,1.35520390560296e-06
"v913",7,8.68826118699692,0.0269707146375309
"v914",7,8.68847352937364,2.12342376721078e-06
"v915",7,8.73581389844743,0.000473403549277936
"v916",7,9.79859188414483,0.010626179606708
"v917",7,19.362143598337,0.0944860723583755
"v918",7,22.0716354713487,0.0270684280888063
"v919",7,22.6445723427364,0.00572911796658972
"v920",7,23.4503910545571,0.0080574895195085
"v921",7,24.0856055520026,0.00635180325327017
"v922",7,24.4822588627069,0.00396644989981457
"v923",7,24.6115206746857,0.00129261524008143
"v924",7,24.8523489403205,0.00240826403302924
"v925",7,25.2892339904384,0.00436873932108769
"v926",7,25.465223651856,0.00175988934645823
"v927",7,25.4652659492583,4.22974022817307e-07
"v928",7,25.481351324479,0.00016085374665794
"v929",7,25.5457415319328,0.000643901718580288
"v930",7,25.6075516655069,0.000618101020881423
"v931",7,25.6076212451265,6.95796195341865e-07
"v932",7,26.6844671748076,0.0107667946623563
"v933",7,26.7712352920987,0.00086768030190904
"v934",7,26.7716533117044,4.18019605742001e-06
"v935",7,26.7717886907237,1.35379019317703e-06
"v936",7,26.952740254287,0.00180950773569834
"v937",7,26.9915280479476,0.000387877858797841
"v938",7,27.6414843202296,0.00649919665479176
"v939",7,29.0411136320833,0.0139926385027715
"v940",7,29.0411159037964,2.27171316983625e-08
"v941",7,29.0411408926508,2.49888543868783e-07
"v942",7,29.0412181310374,7.72383865644881e-07
"v943",7,29.0412453916839,2.72606464820872e-07
"v944",7,29.0414952819031,2.49890219187278e-06
"v945",7,29.0416384005987,1.43118695612145e-06
"v946",7,29.2368512511415,0.00195211858657883
"v947",7,29.2977430378318,0.000608917565869382
"v948",7,29.9226150742907,0.00624839506398127
"v949",7,29.9226344839859,1.94096951548152e-07
"v950",7,30.4930562386567,0.00570397008707321
"v951",7,30.5099851465531,0.000169289072495439
"v952",7,31.6846978860889,0.0117449664793108
"v953",7,32.4344252169725,0.00749671147264704
"v954",7,32.4344340877246,8.87075206894835e-08
"v955",7,33.6610273012746,0.0122634721311424
"v956",7,34.0833648830785,0.00422327537831017
"v957",7,34.1223585815299,0.000389936905460142
"v958",7,35.8145667631569,0.0169156237696835
"v959",7,39.1515079075943,0.0333199563163333
"v960",7,42.8401930610904,0.0368200772751528
"v961",7,43.4915234938419,0.00651293593281672
"v962",7,44.7823637666376,0.0129055356434919
"v963",7,44.7823674404434,3.67380582828853e-08
"v964",7,45.9825821711845,0.011999842601533
"v965",7,45.9827577827153,1.75611530794519e-06
"v966",7,46.7908523210747,0.008080241858039
"v967",7,46.7912938749126,4.41553837954806e-06
"v968",7,47.4731276102882,0.00681791474169355
"v969",7,48.9587291288651,0.0148516450753592
"v970",7,48.9589248525735,1.95723708341493e-06
"v971",7,48.9591471933698,2.22340796381402e-06
"v974",7,49.4132486680223,0.00454088989807755
"v975",7,49.4133611537264,1.12485704109818e-06
"v976",7,50.5172123923439,0.0110367193637393
"v977",7,51.7092350324684,0.0119179685593632
"v978",7,51.7255173198673,0.000162822868233414
"v979",7,52.0170723135891,0.00291551689309045
"v980",7,52.1308820845591,0.00113809574418516
"v981",7,52.1952921375065,0.000644100173186839
"v982",7,53.5807451996262,0.0138509859102293
"v983",7,53.7292003592646,0.00148454723400795
"v984",7,53.7733702060353,0.000441698352808554
"v985",7,55.3195221274518,0.0154565928201081
"v986",7,56.6335149273051,0.0131369038874819
"v987",7,58.349712722744,0.0171552414260297
"v988",7,58.6142645710736,0.00264549379641201
"v989",7,58.8043837364117,0.00190118249088269
"v990",7,59.6704605454984,0.0086599020151792
"v991",7,62.4433852486601,0.027700853526474
"v992",7,63.6176628953284,0.0117406179504894
"v993",7,64.3390016060409,0.00721288670366979
"v994",7,65.1046669529057,0.00765605503641499
"v995",7,67.639687374734,0.0253285053635995
"v996",7,67.6396958213821,8.44664819726551e-08
"v997",7,67.6397030613659,7.23998378552588e-08
"v998",7,70.1932390198808,0.0255131821244553
"v999",7,70.8389708624925,0.00645695944932379
"v1000",7,71.5064948323369,0.00667484313893248
"v1001",7,71.8973231724235,0.00390820380577885
"v1002",7,72.5444924087038,0.00647133098353928
"v1003",7,72.5445336391203,4.12304165547356e-07
"v1004",7,72.5446200904001,8.64512797830478e-07
"v1005",7,79.6316063725764,0.0703990505483741
"v1006",7,79.9540792886136,0.0032246844496955
"v1007",7,79.9540866883044,7.39969078635142e-08
"v1008",7,81.1432439219717,0.0118893307355647
"v1009",7,81.1432622530418,1.83310701081275e-07
"v1010",7,92.9110152340749,0.115551818314603
"v1011",7,95.6309559125428,0.0271726087297173
"v1012",7,96.6681837570921,0.0103707908444069
"v1013",7,99.0848735533307,0.0241480963184413
"v1014",7,99.4206826239814,0.00335804021618204
"v1015",7,99.5530019183895,0.00132318985515744
"v1016",7,99.7635735761963,0.00210570412904167
"v1017",7,99.7853619809596,0.000217884033840665
"v1018",7,99.7899143694509,4.55238847878117e-05
"v1020",7,100.190878747211,0.00400955782778408
"v1021",7,100.258327846067,0.000674490579426921
"v1022",7,100.258375318531,4.74724638456055e-07
"v1023",7,100.305024476619,0.000466491445531062
"v1024",7,100.305051558177,2.70815582160006e-07
"v1025",7,100.879233851797,0.00574157055022315
"v1026",7,101.511088264143,0.00631820779619852
"v1027",7,101.511110591258,2.23271159836185e-07
"v1028",7,102.568630616987,0.010573623638009
"v1029",7,103.008981790429,0.00440339788711297
"v1030",7,103.538912989971,0.00529911357896015
"v1031",7,103.53893344049,2.04505193734358e-07
"v1032",7,103.971944935235,0.00433000669842511
"v1033",7,103.971972778052,2.78428171627551e-07
"v1034",7,104.021798771901,0.000498259773562938
"v1035",7,104.192592621586,0.00170793185401597
"v1036",7,104.192594365614,1.74402788345108e-08
"v1037",7,104.192655406585,6.10409707205354e-07
"v1038",7,104.192678078943,2.26723582574246e-07
"v1040",8,0,0.5
"v1042",8,1.43524924136231,0.0143485516752817
"v1045",8,1.87644685369073,0.00441186161822622
"v1046",8,2.60159334840239,0.00725095657765367
"v1047",8,2.60171789347027,1.24545067874883e-06
"v1048",8,2.62202056471957,0.000203026701334689
"v1049",8,3.28727843902972,0.00665218620839974
"v1050",8,3.40745085692334,0.00120172186499605
"v1051",8,3.40773808803986,2.87231116522183e-06
"v1052",8,3.48810916613016,0.000803710088693288
"v1053",8,4.71211953936553,0.0122376592329321
"v1055",8,7.07379375537928,0.0235991948192452
"v1056",8,8.30339063304019,0.012293490658813
"v1057",8,9.99277350682688,0.0168874029745156
"v1058",8,9.99316602487053,3.92518043637451e-06
"v1059",8,9.99325218749001,8.61626194847188e-07
"v1060",8,9.99425359182373,1.0014043335812e-05
"v1061",8,11.5869904653468,0.0159219836249543
"v1062",8,11.9897848884899,0.00402785709940513
"v1063",8,12.2312170450459,0.0024143028017932
"v1064",8,12.6348368043921,0.0040361099247407
"v1065",8,13.7393121483754,0.011042957374808
"v1066",8,13.7979527631785,0.000586405879165968
"v1067",8,13.7979546799674,1.91678897622356e-08
"v1068",8,14.7612997001396,0.00963225835659398
"v1069",8,15.2347618285068,0.00473447977635469
"v1070",8,16.7886779287889,0.0155341600393558
"v1071",8,18.5365087608441,0.0174711925046941
"v1072",8,31.1730299302739,0.123741789658708
"v1073",8,36.2644379966784,0.0507388318878663
"v1074",8,38.5556896181632,0.0228964914209156
"v1075",8,40.6040963502075,0.0204726149376899
"v1077",8,50.933845517879,0.101852525801493
"v1081",8,52.7657787633166,0.0183111396131994
"v1082",8,54.4374790902082,0.0167107771146682
"v1083",8,54.4676914566359,0.000302123627507267
"v1084",8,58.4974388187665,0.040210448366818
"v1085",8,59.4083161917383,0.00910776619312337
"v1086",8,61.7213548185118,0.0231139002489953
"v1087",8,63.1540622415599,0.0143231543875873
"v1088",8,63.1541821971546,1.1995559465071e-06
"v1089",8,63.9109618933967,0.0075672191227462
"v1090",8,63.9111940946419,2.32201245232299e-06
"v1091",8,69.2758610048058,0.0534417549714706
"v1092",8,71.8031694626015,0.0252515830220999
"v1093",8,72.2590867021552,0.00455904604347434
"v1094",8,72.2851206280403,0.000260339235324077
"v1095",8,73.2598952073799,0.00974651102558113
"v1096",8,73.7280012205769,0.00468092337288967
"v1097",8,75.767586640188,0.0203845490684479
"v1098",8,76.5718655164761,0.0080420951553857
"v1099",8,76.5720422902792,1.76773803158255e-06
"v1100",8,77.0229069650357,0.00450852454980584
"v1101",8,77.0229794055613,7.24405256135813e-07
"v1102",8,77.1702291591272,0.00147249327868527
"v1103",8,78.8946599798935,0.0172374742940444
"v1104",8,79.7127707373617,0.0081803775651331
"v1105",8,81.0179641201501,0.013048970054664
"v1106",8,81.2518939955121,0.00233928168525203
"v1107",8,81.2519032956081,9.30009595101725e-08
"v1108",8,81.6780844936155,0.0042617087731174
"v1109",8,81.6782182837901,1.33790174561068e-06
"v1110",8,82.105739182605,0.00427510480485538
"v1111",8,82.1057399828318,8.00226755375553e-09
"v1112",8,82.1057936014736,5.36186417702166e-07
"v1113",8,82.1723509732273,0.000665573324415692
"v1114",8,82.1723751802797,2.4207052350281e-07
"v1115",8,82.1723882153716,1.30350919659378e-07
"v1116",8,82.1724394255108,5.12101392209156e-07
"v1117",8,82.1730465177939,6.0709228298809e-06
"v1118",8,82.1731051804428,5.86626489516714e-07
"v1119",8,82.2143408212634,0.000412356314717251
"v1120",8,83.1152898350069,0.00900851518600764
"v1121",8,84.6268888785112,0.0151113869173324
"v1122",8,84.6268968504037,7.9718925296185e-08
"v1123",8,84.8728745936036,0.0024597575883299
"v1124",8,84.8729940728062,1.19479202569168e-06
"v1125",8,85.0944162843679,0.00221420764127371
"v1126",8,85.0946162078366,1.99923468638443e-06
"v1127",8,85.0948689118072,2.5270397064055e-06
"v1128",8,86.0709832356366,0.00975990337274766
"v1129",8,87.2728467497352,0.0120163209253183
"v1130",8,87.4716535786594,0.00198805781241235
"v1131",8,87.7536456369328,0.00281989068461601
"v1132",8,87.7536644292519,1.87923191821039e-07
"v1133",8,87.7536712628361,6.83358419713652e-08
"v1134",8,87.7539685307619,2.97267925714285e-06
"v1135",8,87.8498362373083,0.00095867589068859
"v1136",8,89.1944675377683,0.0134430724244307
"v1137",8,89.9027695170091,0.00708254603147809
"v1138",8,89.9028092019328,3.96849236186374e-07
"v1139",8,91.6461875097591,0.0174267214881419
"v1140",8,92.3047981393747,0.0065857254103375
"v1141",8,93.1452438845437,0.0084036660103965
"v1142",8,93.1908970334738,0.000456531362433376
"v1143",8,93.2294010283452,0.000385039872600716
"v1144",8,93.9240165628338,0.00694570851862867
"v1145",8,94.7329056491119,0.00808818526013484
"v1146",8,94.7671073143706,0.000342016599243288
"v1147",8,95.0537588758039,0.00286648420953837
"v1148",8,95.2907880790202,0.00237027427635623
"v1149",8,96.8705220181565,0.0157920850630145
"v1150",8,98.4967367329263,0.0162564153787957
"v1152",9,0,0.5
"v1153",9,1.13847526247781,0.0113827855563071
"v1155",9,5.03834780811785,0.0389198331845943
"v1156",9,5.03840044419282,5.26360749653516e-07
"v1157",9,5.42813811166133,0.00389729774409922
"v1158",9,10.5252867470023,0.0507956457675543
"v1159",9,11.0123306198629,0.00487028469109091
"v1160",9,18.0378372520444,0.0697963377984507
"v1161",9,19.6199213149997,0.0158155628224428
"v1162",9,20.2357134137221,0.00615760966170289
"v1163",9,20.8574678318137,0.00621722372483599
"v1164",9,20.8575520719785,8.42401648074702e-07
"v1165",9,24.9373605418362,0.0407077815205761
"v1166",9,25.2427092296002,0.00305344891814448
"v1167",9,25.9151575413374,0.00672407771709658
"v1168",9,26.0183947662781,0.00103237078235028
"v1169",9,27.7631256619769,0.0174402309233959
"v1170",9,31.0880581325674,0.0332004009572123
"v1171",9,32.3970886436384,0.0130873151258398
"v1172",9,33.3791040590249,0.0098188916676425
"v1173",9,33.5361524284681,0.00157047852982398
"v1174",9,33.5362133414167,6.09129486401049e-07
"v1175",9,34.1518998017617,0.00615655343811698
"v1176",9,34.6587157234792,0.00506798564838458
"v1177",9,36.563989393849,0.0190435203599155
"v1178",9,48.4749124879327,0.116906153952562
"v1181",9,62.6143614890619,0.137742187676082
"v1182",9,70.5553458419954,0.0787488420504778
"v1183",9,72.0488204446293,0.0149303060842971
"v1184",9,72.108947284035,0.000601268104226939
"v1185",9,72.2049715669816,0.000960241648923782
"v1186",9,72.539024191756,0.0033404765455404
"v1187",9,72.7100203653916,0.00170995506988674
"v1188",9,76.8705921879928,0.0415099554642575
"v1189",9,79.3101496171403,0.0243762341998048
"v1190",9,79.3104409756426,2.91358502349868e-06
"v1191",9,83.4226530416312,0.0410296525835007
"v1192",9,86.1568466064596,0.027314714442914
"v1193",9,88.3519489411527,0.0219369314855717
"v1194",9,91.3545634380704,0.0299901027556342
"v1195",9,92.0234763110359,0.00668872968976882
"v1196",9,92.4760667343337,0.00452578062668502
"v1197",9,92.476214448065,1.47713731264917e-06
"v1198",9,92.4768772332989,6.62785233932781e-06
"v1199",9,92.476884807677,7.57437801534271e-08
"v1200",9,92.4768961692309,1.13615538861606e-07
"v1201",9,92.4770022096385,1.06040407660757e-06
"v1202",9,92.4770135710875,1.13614490145413e-07
"v1203",9,92.4770968914652,8.33203777125223e-07
"v1204",9,92.4771537039223,5.68124570895117e-07
"v1205",9,92.5508747147794,0.000737209574360606
"v1206",9,93.3000070432702,0.00749076278523891
"v1207",9,93.3071293864069,7.1223430885843e-05
"v1209",9,97.9279947762068,0.046077546390571
"v1210",9,99.5757719757068,0.0164718092590631
"v1211",9,99.8057814592893,0.00230007861128865
"v1212",9,102.681281955772,0.0287233454021419
"v1213",9,102.908045993325,0.00226762482813273
"v1214",10,0,0.5
"v1215",10,0.000173665467239487,1.73665467239467e-06
"v1226",10,1.059198717457,0.0105886671604677
"v1227",10,1.05920253225538,3.8147983747928e-08
"v1228",10,1.05967556789446,4.7303563906601e-06
"v1229",10,1.07233102116098,0.000126554529962675
"v1230",10,1.07238188901727,5.0867856284939e-07
"v1231",10,1.07243148519188,4.95961746155174e-07
"v1232",10,3.24198810343026,0.0216819603613774
"v1233",10,3.24209665394677,1.08550516511058e-06
"v1234",10,3.50670569762487,0.0026460657338821
"v1235",10,3.52679967015273,0.000200939714460849
"v1236",10,3.65446527456577,0.00127665326979272
"v1237",10,5.520711880168,0.0186538043411581
"v1238",10,5.81469256231782,0.00293977294573325
"v1239",10,6.15813673481643,0.00343438771189954
"v1240",10,6.26368822601274,0.00105551334401709
"v1241",10,18.3151007116121,0.118233369428573
"v1242",10,20.7324383452883,0.0241545595778207
"v1243",10,20.7324713064126,3.29611242783092e-07
"v1244",10,20.7326289454973,1.57639084701706e-06
"v1246",10,28.91701217532,0.0811206172976174
"v1247",10,34.8080703282303,0.0586394912311465
"v1248",10,36.896658154519,0.0208737389541989
"v1249",10,36.8967100174421,5.1862923095548e-07
"v1250",10,40.6841875825665,0.0378024997823854
"v1251",10,42.9829114810145,0.0229710569862554
"v1252",10,44.6837775486869,0.0170021030285442
"v1253",10,44.6961212423065,0.000123436933687519
"v1254",10,44.6961426564097,2.14141032731042e-07
"v1255",10,49.6462015782617,0.0493394984692647
"v1256",10,50.5725007161386,0.00926193180085333
"v1257",10,50.7738358224542,0.00201334018151354
"v1258",10,56.8520569755798,0.0604845595477323
"v1259",10,58.8495670268051,0.0199644804150857
"v1260",10,59.5725330919815,0.00722915685409137
"v1261",10,62.6734452342408,0.0309694260865467
"v1262",10,62.7546046086998,0.000811593031811996
"v1263",10,63.4166206528393,0.00661977361702353
"v1265",10,63.8139895661516,0.00397360547474719
"v1266",10,63.8140582413942,6.86752425580193e-07
"v1267",10,65.5589419845259,0.0174417575379492
"v1268",10,66.7208786041088,0.0116172750118165
"v1269",10,67.4279310784858,0.00707005348554913
"v1270",10,67.4281991113881,2.68032902266612e-06
"v1271",10,67.5464388077276,0.00118239475931364
"v1272",10,71.0608271216381,0.0350861226832821
"v1273",10,72.6717570094407,0.0161037271697872
"v1274",10,73.532035830625,0.00860193941255288
"v1275",10,74.629090685084,0.0109687884332309
"v1276",10,74.6851721146862,0.000560814060845122
"v1277",10,74.7136152793781,0.000284431616237436
"v1278",10,75.4687300000061,0.00755057317186944
"v1279",10,76.6257908448394,0.011568543475655
"v1280",10,77.65387662296,0.0102794091649567
"v1281",10,78.3983355079806,0.00744403877460852
"v1282",10,79.9009612919625,0.0150217358000022
"v1283",10,79.9013890841883,4.27792225766039e-06
"v1284",10,79.9014011918732,1.21076848815349e-07
"v1285",10,80.8662762024543,0.00964755257353776
"v1286",10,80.8670157949583,7.39592503979929e-06
"v1287",10,80.8672916825433,2.75887585016437e-06
"v1288",10,80.8673416292615,4.99467182223286e-07
"v1289",10,80.9752871453344,0.00107945348365647
"v1291",10,83.2350184915759,0.0225819406089662
"v1292",10,83.6341807070396,0.00399153735852498
"v1293",10,84.5370209077645,0.0090274209038825
"v1294",10,86.4834261679605,0.0194542266332779
"v1295",10,88.6403492525592,0.02155586121073
"v1296",10,89.1978543486179,0.00557481993309484
"v1297",10,89.1979132274421,5.88788242318605e-07
"v1298",10,89.1979573866601,4.41592180058611e-07
"v1299",10,89.2625697188807,0.00064612296255176
"v1300",10,89.2635145520237,9.44833142883399e-06
"v1301",10,90.1076618208975,0.00844067074503205
"v1302",10,90.1079646517554,3.02830857859031e-06
"v1303",10,90.939331939126,0.00831290680185083
"v1304",10,90.9393880718352,5.61327091460724e-07
"v1305",10,91.1070090436271,0.00167620343846529
"v1306",10,91.265349070738,0.00158339497802106
"v1307",10,91.2657666217037,4.17550965697674e-06
"v1308",10,91.4794848352956,0.00213716912043976
"v1309",10,92.2753079178218,0.00795755886386349
"v1310",10,92.2753356666968,2.7748875040983e-07
"v1311",10,92.2754119767932,7.63100963450553e-07
"v1312",10,92.5662644879157,0.00290849230537397
"v1313",10,95.5477078398085,0.0297791476187841
"v1314",10,98.0623594360955,0.0251253356178179
"v1315",10,99.7302644852905,0.0166728666348642
"v1316",10,101.130804756295,0.0140017409552225
"v1317",10,101.130926589302,1.218330071568e-06
"v1318",10,101.417094245343,0.00286164531439669
"v1319",10,101.417211328469,1.17083126071936e-06
"v1320",10,101.424985943799,7.77461526703493e-05
"v1321",10,102.054063840132,0.00629044705013628
"v1322",10,102.054776737502,7.12897369957645e-06
"v1323",10,102.059032371819,4.25563430626206e-05
"v1324",10,105.002426283388,0.0293999857900639
"v1325",10,105.36079228425,0.00358359864510396
"v1326",10,105.361119460423,3.27176172898056e-06
"v1327",10,105.36115872155,3.92611273568973e-07
"v1328",10,105.361359389489,2.00667939109892e-06
"v1329",10,106.353371252241,0.00991881719708014
"v1330",10,106.35347978072,1.08528478990559e-06
"v1331",10,106.882079860306,0.00528580387079747
"v1332",10,106.882360596251,2.80735944939902e-06
"v1333",10,106.951955016825,0.00069594375631487
"v1334",10,107.045263466594,0.000933083414510198
"v1335",10,107.045306872248,4.34056535713371e-07
"v1336",10,109.659594688827,0.0261190810518891
"v1337",10,109.691235305222,0.000316406121712449
"v1340",10,110.801684743858,0.0111026690225854
"v1345",10,112.689561713242,0.0188698034154948
"v1351",11,1.89756521419264,0.5
"v1356",11,2.43773082685481,0.00540144599120193
"v1357",11,3.08601475351762,0.00648247601690148
"v1360",11,3.16098153329585,0.000749667236029922
"v1361",11,3.30438888824786,0.00143406961717535
"v1362",11,3.3281053291006,0.000237164390741061
"v1363",11,3.32812611583015,2.07867295445186e-07
"v1364",11,3.32823223851591,1.06122685762348e-06
"v1365",11,3.7174898381813,0.00389249735737753
"v1366",11,5.24117160615508,0.0152321029124862
"v1367",11,5.43482903175125,0.00193656457232265
"v1368",11,5.4348960052948,6.69735435522381e-07
"v1369",11,5.81937878053558,0.00384475197161755
"v1375",11,6.35860264730173,0.00539202962936767
"v1376",11,7.68930370193317,0.0133038696238746
"v1377",11,7.6893047135565,1.01162333683779e-08
"v1378",11,7.68932393435275,1.92207962488044e-07
"v1379",11,7.68934922473762,2.52903848673387e-07
"v1380",11,10.5818701918923,0.0288929850885896
"v1381",11,13.1117915656731,0.0252776454688975
"v1382",11,13.1117988840084,7.31833535459372e-08
"v1383",11,13.1118623094981,6.34254896733261e-07
"v1384",11,13.1612054835024,0.000493431579858561
"v1388",11,23.9181591874863,0.105940085687567
"v1389",11,27.6628136258188,0.0373766888656957
"v1390",11,29.6904680946188,0.0202654367104817
"v1391",11,29.6906184143964,1.50319777636229e-06
"v1392",11,29.9271960263751,0.00236575846527231
"v1393",11,38.2259817065938,0.0822341132484461
"v1394",11,40.5158916497402,0.022883102756041
"v1395",11,40.5159369168627,4.5267122529768e-07
"v1396",11,42.1065905191029,0.0159011720096931
"v1397",11,44.8917142146658,0.0278224673745619
"v1398",11,44.8925692044778,8.54989811863698e-06
"v1399",11,46.3209476679538,0.0142799002086162
"v1400",11,52.643206592456,0.0628877879276737
"v1401",11,55.5949869138258,0.0294835591082386
"v1402",11,56.3649304821209,0.0076988271638264
"v1403",11,56.5832573363301,0.00218325466632743
"v1404",11,61.9975062688764,0.0539318587963051
"v1405",11,63.5507518562249,0.0155274613792923
"v1406",11,63.5512646732088,5.12816983857758e-06
"v1407",11,63.5584362179685,7.17154471051933e-05
"v1408",11,64.1685466987467,0.0061008020200122
"v1409",11,64.6224187235579,0.00453859558881669
"v1410",11,65.8992200774066,0.0127652389698305
"v1411",11,66.3428322625331,0.00443600545596066
"v1412",11,66.3712150381674,0.000283827725856768
"v1413",11,69.8597657210213,0.0348290093544013
"v1414",11,74.0691736006379,0.041994910626195
"v1415",11,77.9532956495981,0.0387632787089622
"v1416",11,79.3511264475052,0.0139746674307481
"v1417",11,83.4627207444778,0.0410235164860148
"v1418",11,83.744097326493,0.00281373611737254
"v1419",11,84.2199459983946,0.00475834306109231
"v1420",11,87.7206981706763,0.0349504301367836
"v1421",11,94.2369709301832,0.0647962932547245
"v1422",11,96.7890295790623,0.0254984474704482
"v1423",11,108.400985179783,0.114075996191034
"v1424",11,113.688725962168,0.0526811573250738
"v1425",11,113.9779008527,0.00289171666386338
"v1426",11,113.981597082278,3.69622957043901e-05
"v1427",11,115.037889777653,0.0105613558168055
"v1428",11,117.480637629277,0.0244080624954479
"v1429",11,118.211713629439,0.00731023905985469
"v1430",11,118.211737301079,2.36716395826005e-07
"v1431",11,118.279068624423,0.000673312826447015
"v1432",11,118.27956314803,4.9452360715902e-06
"v1433",11,118.567507909014,0.00287941577808482
"v1434",12,0,0.5
"v1435",12,0.95760395738975,0.00957486890840255
"v1436",12,0.958094849740311,4.90892350543446e-06
"v1437",12,1.07670712550396,0.00118612053265362
"v1438",12,1.6308160205268,0.00554086211904019
"v1439",12,1.67399389046444,0.000431778592046229
"v1440",12,1.91398653588311,0.00239990802405089
"v1441",12,1.91403035263943,4.38167563276742e-07
"v1442",12,3.559695498691,0.0164507116169687
"v1443",12,3.56865836424404,8.96286545703709e-05
"v1444",12,3.72609806902372,0.00157439184448553
"v1445",12,5.27812410303703,0.0155152775981863
"v1446",12,6.66072574802935,0.0138224935757275
"v1449",12,7.49920677664755,0.00838402438198376
"v1450",12,7.5934909853205,0.000942840969210216
"v1451",12,7.65353105077497,0.000600400365967578
"v1452",12,8.60914274979005,0.00955495361533016
"v1453",12,8.60962395301665,4.81203226591032e-06
"v1454",12,9.11685466872575,0.00507213316180061
"v1455",12,10.9380012997907,0.0182034172892086
"v1456",12,13.6003902439238,0.0265987554778778
"v1457",12,13.6012822350317,8.91991107745065e-06
"v1458",12,18.9901469882064,0.0536809566276379
"v1459",12,19.0882428619932,0.000980957479260884
"v1460",12,20.3064454542093,0.0121796160489882
"v1461",12,20.9420065649724,0.00635526882677047
"v1462",12,22.3646329222366,0.0142224258756707
"v1463",12,29.7194515649123,0.0730222752431747
"v1464",12,30.6009160723813,0.00881373201485324
"v1465",12,30.7289389931333,0.0012802264098223
"v1471",12,41.5771805000062,0.106811643570942
"v1472",12,50.0369978600788,0.0838000364326444
"v1473",12,50.0784273789647,0.000414295094045553
"v1474",12,50.0786449608746,2.17581909878929e-06
"v1475",12,50.0786647410214,1.97801468169034e-07
"v1476",12,54.0205990040913,0.0393378743611539
"v1477",12,57.3864920527836,0.0336081784862937
"v1478",12,58.9411370832073,0.015541442301543
"v1479",12,63.0534742659936,0.0410308953261963
"v1480",12,68.2664372981011,0.0519415650729472
"v1481",12,79.1660370520982,0.107301681053466
"v1482",12,82.4136019101501,0.0324300574868473
"v1483",12,82.8484359471987,0.00434823074887199
"v1484",12,84.8573664316061,0.0200785016265681
"v1485",12,87.632695938973,0.0277248276927889
"v1486",12,87.632791536773,9.55978000285345e-07
"v1487",12,88.6619159419511,0.0102897910411836
"v1488",12,89.993988050989,0.0133175704512611
"v1489",12,91.8166475426581,0.0182185258262769
"v1490",12,91.8955135618819,0.000788659538192166
"v1491",12,91.9044749549368,8.96139295900772e-05
"v1494",12,93.6017106839409,0.0169658415294953
"v1495",12,100.17576012238,0.0653642715840489
"v1496",12,103.424811127753,0.0324448564117654
"v1497",12,106.308379118278,0.0288037533594007
"v1499",12,109.069471460927,0.0275828915534417
"v1503",12,110.740031271533,0.0166993846826961
"v1504",12,111.053689996927,0.00313654611018375
"v1506",12,112.560686657357,0.0150654049977055
"v1507",12,112.560721662472,3.50051149521312e-07
"v1508",12,112.560799750844,7.80883721926302e-07
"v1509",12,112.560826677815,2.69269709623392e-07
"v1511",12,112.560977468342,1.50790526533309e-06
"v1512",12,112.561034014566,5.65462239469494e-07
"v1513",12,117.504290517684,0.0492721357665414
"v1514",12,119.080982828292,0.0157616990614484
"v1515",12,119.093161708903,0.00012178880369548
"v1516",12,119.174740203667,0.000815784223762966
"v1517",12,119.174982363467,2.42159799796915e-06
"v1518",12,119.175068614485,8.62510181902292e-07
"v1519",12,119.175071931856,3.31737102427223e-08
"v1520",12,119.175075249228,3.31737277287327e-08
"v1521",12,119.175078566603,3.31737460474101e-08
"v1522",12,119.175211263044,1.32696441385476e-06
"v1523",12,119.198128692058,0.000229174274084474
"v1524",12,119.198132010838,3.3187804411127e-08
"v1525",12,119.198287991956,1.55981117545948e-06
"v1526",12,119.19832781661,3.98246545508631e-07
"v1527",12,119.19854021752,2.12400909618644e-06
"v1528",12,129.060151134292,0.097356957985245
"v1529",12,129.060171879568,2.07452760605559e-07
"v1530",12,134.636453842434,0.0555327720314782
"v1531",12,134.636509659072,5.5816637341147e-07
"v1532",12,138.010372540174,0.033687515879591
"v1533",12,141.243642878696,0.0322877110026939
"v1534",12,143.219675235055,0.0197500422252433
"v1535",12,143.551963202767,0.00332283075841792
"v1536",12,143.556070307724,4.10710494730939e-05
"v1537",12,153.504172634822,0.0981887991480059
"v1538",12,153.504306177896,1.33543074154268e-06
"v1539",12,153.504346821455,4.0643558548727e-07
"v1540",12,153.505334310978,9.87489523521231e-06
"v1541",12,153.505450542252,1.16231273805836e-06
"v1542",12,153.50546216602,1.16237679049096e-07
"v1543",12,153.505717918244,2.55752223661898e-06
"v1544",12,153.56375037908,0.00058032434777562
"v1545",12,153.563825876505,7.54974248010351e-07
"v1546",12,153.563936209773,1.1033326887954e-06
"v1547",12,153.564342686445,4.06476671791177e-06
"v1548",12,154.413449854574,0.00849025551968367
"v1549",12,154.4135079936,5.81390256977638e-07
"v1550",12,154.413606829435,9.88358345617174e-07
"v1551",12,154.413775430261,1.68600825874649e-06
"v1552",12,154.413944030663,1.68600402926938e-06
"v1553",12,154.414374257006,4.30226342630918e-06
"v1554",12,154.414391698755,1.74417486117963e-07
"v1555",13,0,0.5
"v1556",13,0.000191083121388325,1.91083121389257e-06
"v1557",13,0.422544714613655,0.00422343586374342
"v1558",13,1.61221195213588,0.0118944278891892
"v1559",13,2.11567600567985,0.00503447038756528
"v1560",13,2.1157237491609,4.77434810433281e-07
"v1561",13,2.36982858218046,0.00254102645393819
"v1562",13,2.82903290536328,0.00459191412714729
"v1563",13,2.82921489520348,1.81989840203912e-06
"v1564",13,2.97210490318436,0.00142889618986885
"v1565",13,4.45327263555741,0.0148073462154059
"v1566",13,4.53030088571366,0.000770281892182131
"v1567",13,4.53048867423842,1.87788524756224e-06
"v1568",13,4.53058256820902,9.38939706022929e-07
"v1569",13,4.5305950874188,1.25192097761757e-07
"v1570",13,4.53062012584802,2.50384292203639e-07
"v1572",13,5.84243025300352,0.0131150922027747
"v1573",13,6.46980537228051,0.0062734219674251
"v1574",13,6.47335397834977,3.54860606330204e-05
"v1575",13,6.47338815757992,3.41792301519307e-07
"v1576",13,6.4744104224604,1.02226488033991e-05
"v1579",13,7.75562440046329,0.0128093363501826
"v1580",13,11.9925642299306,0.0422682752708802
"v1581",13,12.0939976564495,0.00101433287369598
"v1582",13,14.4854242230868,0.0238960471637284
"v1583",13,15.6601457127906,0.0117450539327093
"v1584",13,17.2815380996023,0.0162082429243718
"v1585",13,19.8841834622688,0.0260029728048232
"v1586",13,23.4042726955944,0.0351428507018283
"v1587",13,24.5104554159123,0.0110600227969066
"v1588",13,24.9209105081302,0.00410445872365378
"v1589",13,26.0100500246961,0.0108896728733424
"v1590",13,26.0477665771918,0.000377165453419551
"v1591",13,27.3549550463062,0.0130689073085684
"v1592",13,28.5770734972208,0.0122187513256171
"v1593",13,28.577260891581,1.87394360209724e-06
"v1594",13,28.5781453895503,8.84497969235029e-06
"v1595",13,29.1108322331477,0.00532666690818924
"v1596",13,29.1686710304236,0.000578387714773112
"v1597",13,29.9108836914903,0.00742158149892792
"v1598",13,29.911046539686,1.62848195683879e-06
"v1599",13,29.9801811066825,0.000691345229385021
"v1600",13,30.1196865083788,0.0013950503969474
"v1601",13,30.179965225004,0.000602786874219725
"v1602",13,30.2074683802959,0.000275031525180741
"v1603",13,30.6957128925309,0.00488228994287285
"v1604",13,33.0069847491621,0.023096270274828
"v1605",13,33.0139101939803,6.92544477385588e-05
"v1606",13,39.4100887285202,0.0636151545381168
"v1607",13,39.4364776281299,0.000263888971594988
"v1608",13,40.570097589613,0.0113342576028608
"v1609",13,45.4968683042634,0.0491088735136657
"v1610",13,46.4555969571402,0.00958611173403045
"v1611",13,53.6513691957718,0.0714650160435909
"v1612",13,54.3780357587123,0.0072661540564503
"v1613",13,55.2538699730833,0.00875744646725491
"v1614",13,58.4758893096959,0.0321756685225345
"v1615",13,58.4759404327399,5.11230440515698e-07
"v1616",13,58.6479331987238,0.00171992087612922
"v1617",13,61.2503105617332,0.0260003000558755
"v1618",13,64.5580148778724,0.0330288750958875
"v1619",13,65.1615172621288,0.00603473078671039
"v1620",13,66.573822572813,0.0141192983143883
"v1621",13,66.7519932234938,0.00178169896552847
"v1622",13,67.257558875896,0.0050554842365657
"v1623",13,72.9998481524595,0.0571717568404999
"v1630",13,80.8607328020978,0.0779675176980119
"v1631",13,81.6433043668905,0.00782507669572162
"v1632",13,82.9590385042543,0.013154305225979
"v1634",13,86.0633717618525,0.0310035058470509
"v1635",13,86.0832147478776,0.000198429849833975
"v1636",13,86.0875304695071,4.31572161874987e-05
"v1637",13,86.0913246466079,3.79417709359124e-05
"v1638",13,86.9079698957456,0.00816572639759556
"v1639",13,87.3827437628958,0.00474759598480253
"v1640",13,87.4894993346525,0.00106755409534725
"v1641",14,0,0.5
"v1642",14,0.380255432127711,0.00380248101266966
"v1643",14,0.380313205061408,5.77729336959752e-07
"v1644",14,0.380621330069872,3.08125008456979e-06
"v1645",14,1.22909105227037,0.00848388289701453
"v1646",14,2.78358814290983,0.0155399643328795
"v1647",14,3.72999344555838,0.00946292294958533
"v1648",14,3.80910804651777,0.000791145349344255
"v1649",14,3.81360343802827,4.495391498381e-05
"v1650",14,6.48830902062559,0.0267215716928056
"v1651",14,6.48944767558806,1.13865496227683e-05
"v1652",14,6.51356766106704,0.00024119983607997
"v1653",14,6.51367119336123,1.03532294187155e-06
"v1654",14,6.95045252385188,0.00436770220397999
"v1659",14,22.0687199454781,0.146737867841492
"v1660",14,22.139507345399,0.000707873526269272
"v1661",14,22.626246916363,0.00486724196066085
"v1662",14,27.4402875845631,0.0479922024220867
"v1663",14,28.6050657188968,0.0116456747820382
"v1664",14,28.6060005018688,9.34782971899e-06
"v1665",14,32.4326566655302,0.0381920231177855
"v1666",14,32.4350910079973,2.43434246517189e-05
"v1667",14,32.6134291602703,0.00178337396016168
"v1668",14,33.4243156170499,0.00810815372561656
"v1669",14,40.9251781973061,0.0744509513865193
"v1670",14,41.0792605404354,0.00154081855381081
"v1671",14,43.6535001289694,0.0257196749916218
"v1672",14,49.2495531055975,0.0557280347191665
"v1673",14,62.1993212954424,0.126677811320053
"v1674",14,71.8962373798362,0.0957714400861603
"v1675",14,76.9172081080308,0.0500416127323206
"v1676",14,77.3583829223548,0.00441163365593099
"v1677",14,107.753317689592,0.271323122754391
"v1678",14,109.923793422356,0.0216911342160166
"v1679",14,109.923909576604,1.16154248416937e-06
"v1680",14,111.22992350085,0.013057169876995
"v1681",14,111.23009803376,1.74532909511775e-06
"v1682",14,112.41785926703,0.0118753786156667
"v1683",14,112.801130579758,0.00383263806055805
"v1684",14,115.024451104781,0.0222185632091131
"v1685",14,115.817409534925,0.00792891956986426
"v1686",14,122.908907323867,0.0704432706882847
"v1687",14,123.823923661305,0.00914914204197962
"v1688",14,129.942396985876,0.0608811522414876
"v1689",14,131.759440203025,0.0181624374167087
"v1690",14,131.759730335521,2.90132495873293e-06
"v1691",14,140.752415370656,0.0889696023449913
"v1692",14,142.561144889681,0.0180794096337229
"v1693",14,143.397317530338,0.00836094697495871
"v1694",14,147.69967701482,0.0429177244479877
"v1695",14,147.937813103511,0.00238134288119446
"v1696",14,148.087212368105,0.00149398819980377
"v1697",14,148.087291844639,7.94765340389695e-07
"v1698",14,148.132106481357,0.000448146247171329
"v1699",14,149.560490413533,0.0142799548510109
"v1701",14,152.707094666689,0.0314245683647789
"v1702",14,152.751082328577,0.000439876505392895
"v1703",14,152.751396462284,3.14133707572089e-06
"v1704",14,153.362187351748,0.00610760509274515
"v1705",14,153.36230040438,1.1305263234373e-06
"v1706",14,153.362335347762,3.49433821030635e-07
"v1707",14,153.362341514233,6.16647139461497e-08
"v1708",14,153.362440177458,9.86632248342254e-07
"v1709",14,153.366585545222,4.14536775470894e-05
"v1710",14,153.367023250806,4.37705583339368e-06
"v1711",14,153.631893181438,0.00264867453028889
"v1712",14,153.774922434358,0.00143028862787204
"v1721",14,158.407135062976,0.0461900527526548
"v1722",14,158.407471937722,3.36874745837121e-06
"v1723",15,0,0.5
"v1724",15,0.140408715388844,0.0014040834630965
"v1725",15,0.174579238906193,0.000341705181975704
"v1726",15,0.260736745453415,0.000861574212730331
"v1727",15,0.37105802460122,0.00110321100121949
"v1728",15,0.371249686566372,1.91661965149841e-06
"v1729",15,0.380404099276633,9.15441260797194e-05
"v1730",15,0.705903447890713,0.00325494750478783
"v1731",15,0.705941249832928,3.78019422127476e-07
"v1732",15,0.800919571966416,0.00094978207895226
"v1733",15,0.800978319737188,5.87477707723306e-07
"v1734",15,0.801156328100691,1.78008363500712e-06
"v1735",15,0.801197603510684,4.12754099949609e-07
"v1736",15,0.899722807417701,0.000985250763864946
"v1739",15,2.64321075611703,0.0174278165649121
"v1743",15,3.83992031317962,0.0119648109951371
"v1744",15,8.62480704344271,0.0477033328624878
"v1745",15,8.73852664984346,0.00113719410315968
"v1746",15,10.3903117176775,0.0165118443399254
"v1747",15,10.3903300993389,1.83816613632472e-07
"v1748",15,10.7794367949467,0.00389098840822277
"v1749",15,10.842121860975,0.000626850331863068
"v1750",15,11.2325587420779,0.00390428945486765
"v1751",15,11.3083528313732,0.000757940312396304
"v1752",15,12.5078106546938,0.0119922778842536
"v1753",15,13.5832952788621,0.0107531879115656
"v1754",15,17.1302457809192,0.0354101263031832
"v1755",15,18.7465227327094,0.0161571421593122
"v1756",15,18.7466881903453,1.65457635877902e-06
"v1757",15,18.7467567372204,6.85468750994917e-07
"v1758",15,24.4594712278075,0.0568798560098329
"v1759",15,26.6669821088485,0.022060776743978
"v1760",15,28.4831888497244,0.0181540836861801
"v1761",15,28.4831913339797,2.48425530016549e-08
"v1762",15,30.5772623463481,0.0209284750003713
"v1764",15,34.5525837554694,0.0396696617197637
"v1765",15,35.0834831439476,0.00530879437884385
"v1766",15,36.1562413957009,0.0107259367656179
"v1767",15,43.3838047304697,0.0717764040635208
"v1768",15,48.5641147674406,0.0516185370674874
"v1769",15,48.6318217191806,0.00067706910355486
"v1770",15,50.0265285093887,0.0139434517029524
"v1771",15,50.0266105950907,8.2085701988597e-07
"v1772",15,51.8713352351648,0.0184388808028931
"v1773",15,52.1374999192634,0.00266162169983754
"v1774",15,65.6502477824938,0.131931028876762
"v1775",15,65.956498416505,0.00306246804324811
"v1776",15,69.3279051176332,0.033663065494651
"v1777",15,69.3285377820958,6.32664462566216e-06
"v1778",15,70.2002943650596,0.00871668260405713
"v1779",15,70.8679439716382,0.00667609928233018
"v1780",15,70.8685590340525,6.15062414268967e-06
"v1781",15,71.4171852789826,0.00548604228466536
"v1782",15,75.6740845868335,0.0424664369671768
"v1783",15,77.2092423015519,0.0153467550716883
"v1784",15,80.8939222158601,0.0367802418473816
"v1785",15,80.9006860667414,6.76385084003743e-05
"v1786",15,81.0151766627281,0.00114490395886611
"v1787",15,85.9315125928819,0.0490055301669581
"v1788",15,85.9320022033494,4.89610467507559e-06
"v1789",15,86.3098147254275,0.0037780533159842
"v1790",15,87.7252138725161,0.0141502119535585
"v1791",15,88.5338604224588,0.00808576053124744
"v1792",15,89.4722467387775,0.00938276156667655
"v1793",15,97.5160995894093,0.0797516835944943
"v1794",15,107.082552785837,0.0945140507409062
"v1795",15,112.534523496251,0.0543046573962888
"v1796",15,113.020169004887,0.00485630237178811
"v1797",15,113.355439318063,0.00335265288406031
"v1798",15,117.213725093588,0.0385064585641446
"v1799",15,119.17475181833,0.0196002182638466
"v1800",15,119.750656311916,0.00575879027213812
"v1801",15,120.156623403279,0.00405958170645649
"v1802",15,120.191156173004,0.000345327642339415
"v1803",15,122.757973879668,0.0256456519917569
"v1804",15,122.757986297944,1.24182758708785e-07
"v1805",15,122.758073225871,8.69279269450916e-07
"v1806",15,123.016467084937,0.0025839155878688
"v1807",15,123.763380053074,0.00746857414822082
"v1808",15,124.307016919635,0.00543615445306875
"v1809",15,127.342236502238,0.0303149678511923
"v1810",15,127.342343933135,1.07430897204015e-06
"v1811",15,127.342691017447,3.47084312346563e-06
"v1812",15,127.400448953357,0.000577579102190795
"v1813",15,127.4005646469,1.1569354321982e-06
"v1814",15,127.4007382156,1.73568699423825e-06
"v1815",15,127.400783678015,4.54624149184799e-07
"v1816",15,127.401370552565,5.86874550636247e-06
"v1817",15,127.401465585232,9.5032666567092e-07
"v1818",15,129.21273086534,0.0181047340440187
"v1819",15,129.214809647241,2.07878190013577e-05
"v1820",15,129.714181360116,0.00499355109620836
"v1821",15,131.630630833548,0.0191551153199304
"v1823",15,132.433540988485,0.00802841147675395
"v1824",15,132.517485057403,0.000839439900479217
"v1825",15,133.430373687861,0.00912787207978382
"v1826",15,133.43050561517,1.31927308218877e-06
"v1827",15,133.430542719727,3.71045569255067e-07
"v1829",16,0,0.5
"v1830",16,0.467994191308488,0.00467980525198679
"v1831",16,2.07055428093891,0.0160201155596633
"v1832",16,9.37962067272584,0.0725744515158044
"v1833",16,10.0400994033026,0.00660440316983348
"v1834",16,12.6545638175852,0.0261208422095527
"v1835",16,13.2093785947597,0.00554792007259582
"v1836",16,15.221356400503,0.0201089256247855
"v1837",16,16.1373146145205,0.00915855765087388
"v1838",16,17.0812180122954,0.00943791283869936
"v1839",16,17.0812709445102,5.29322148299993e-07
"v1840",16,17.2770635878806,0.00195791642621348
"v1841",16,18.9381477478952,0.0166047332776002
"v1842",16,19.280908983962,0.00342755866915168
"v1843",16,23.8328453667167,0.0453940237542927
"v1844",16,30.6103249914466,0.067362733351464
"v1845",16,36.9756042133235,0.0633111393886815
"v1846",16,37.6097143138064,0.00634076106284127
"v1847",16,41.9257597834192,0.0430535727585189
"v1848",16,42.118308408981,0.0019254767373608
"v1849",16,42.2217765257527,0.00103467969079509
"v1850",16,42.4202013539134,0.00198423786505391
"v1851",16,44.5312166145612,0.0210976182134933
"v1852",16,45.5813741101138,0.0105000310332963
"v1853",16,45.8979370468897,0.00316558707052414
"v1854",16,45.9597944293694,0.000618573509214143
"v1855",16,46.0129337632053,0.000531393138286708
"v1862",16,46.3765118130858,0.00363571641880298
"v1863",16,46.3765284822316,1.66691458297729e-07
"v1868",16,46.3868384674303,0.000103099850525124
"v1871",16,46.9197369341337,0.00532878289897531
"v1872",16,47.0931129310417,0.00173375302037984
"v1873",16,47.2493076704143,0.00156194231287741
"v1874",16,48.6364320624839,0.0138676863684845
"v1880",16,50.0327779245548,0.0139598296598783
"v1882",16,55.466908360478,0.0541283522624129
"v1883",16,56.4290627908645,0.00962035687181599
"v1884",16,56.8188615480656,0.00389790860430443
"v1885",16,57.8660667281951,0.0104705208622946
"v1886",16,58.3206321727906,0.00454552921444031
"v1887",16,59.0106507509378,0.00689974776745836
"v1888",16,59.2514038815598,0.00240751270032633
"v1894",16,62.6476706718835,0.03391053122229
"v1895",16,63.1763669459676,0.00528676570825245
"v1896",16,69.0368711279005,0.0583381324645517
"v1897",16,69.7545772203973,0.00717656804309771
"v1898",16,71.6811621196472,0.0192563200358015
"v1899",16,75.8653842048686,0.0417448188017527
"v1900",16,79.9958121693633,0.0412105795422793
"v1901",16,80.1514941126646,0.00155681440204197
"v1907",16,116.694617684755,0.31179635853979
"v1908",16,116.694780464242,1.62779487070687e-06
"v1909",16,117.12850681384,0.00433715470995995
"v1910",16,118.017629284878,0.00889028764786426
"v1912",16,122.019177498301,0.0399302679873417
"v1913",16,122.100915647841,0.000817380767260605
"v1914",16,122.138949801278,0.000380341461009986
"v1915",16,122.14001021063,1.06040935226129e-05
"v1916",16,122.275964677494,0.00135954131807309
"v1917",17,0,0.5
"v1918",17,0.0338583854421506,0.000338583802668289
"v1919",17,0.0339576050199679,9.92195778165099e-07
"v1920",17,0.0674369296182375,0.000334793195948279
"v1921",17,0.111927900246154,0.000444909588855876
"v1922",17,0.581881530812044,0.00469939792085032
"v1923",17,0.660815365545381,0.000789337691599036
"v1924",17,0.731689455571762,0.000708740425583844
"v1925",17,1.88739811275985,0.0115550288293455
"v1926",17,1.88740136820864,3.25544878730305e-08
"v1927",17,1.88746213656431,6.07683556713407e-07
"v1928",17,3.16872440151396,0.0128098189027232
"v1929",17,12.9141054607794,0.0962382218677626
"v1930",17,13.8711409743277,0.00956918655330578
"v1931",17,14.6831292114205,0.00811916862747456
"v1932",17,14.683169755209,4.05437885352739e-07
"v1933",17,14.6834512840379,2.81528828841682e-06
"v1934",17,14.7172861244125,0.000338348352100527
"v1935",17,15.341545572603,0.00624227013703701
"v1936",17,15.6612705485729,0.00319720618229867
"v1937",17,15.661311398458,4.084988505694e-07
"v1938",17,17.0857250188089,0.0142402840274556
"v1939",17,17.0857608084792,3.57896702333566e-07
"v1940",17,17.1959686696021,0.00110207682648629
"v1941",17,18.0895172667548,0.00893453484610116
"v1942",17,18.8315172746573,0.00741945543566861
"v1943",17,19.2959766072579,0.0046444597381962
"v1944",17,19.5490964051306,0.00253117635589238
"v1945",17,20.2833992116756,0.00734250019562709
"v1946",17,21.0337716905579,0.00750316150107497
"v1947",17,21.0338043832951,3.26927372184281e-07
"v1948",17,21.0338931207645,8.87374694316954e-07
"v1949",17,21.0343251303349,4.3200957035348e-06
"v1950",17,21.4842447684925,0.004499074950591
"v1951",17,23.4225483564489,0.0193733320501937
"v1952",17,24.001583714393,0.00579009473985781
"v1953",17,31.6545529653044,0.0759376153274192
"v1954",17,38.2864410646704,0.0659326873826947
"v1955",17,40.0839359446266,0.0179672092217661
"v1956",17,42.7421812552011,0.0265574362240263
"v1957",17,45.0804684983775,0.0233658409450245
"v1958",17,46.6493756912527,0.0156839248656472
"v1959",17,46.6587641621854,9.38847082233807e-05
"v1960",17,47.2572691725628,0.00598476426758155
"v1961",17,47.7550381840005,0.00497752567527841
"v1962",17,48.0913172896855,0.00336274035421501
"v1963",17,49.9807501484286,0.0188853401306498
"v1964",17,50.0042131318397,0.000234629816888868
"v1965",17,50.5076109218793,0.00503380781969303
"v1966",17,50.5697115450071,0.000621005911957932
"v1967",17,53.0056098008171,0.0243397293075983
"v1968",17,59.5513956007652,0.0650864449403497
"v1969",17,62.2473477951541,0.0269334261475536
"v1970",17,66.3437392009692,0.0408725072272578
"v1971",17,66.880833347937,0.00537073489839334
"v1972",17,67.1298263599432,0.00248990953766671
"v1973",17,67.2071359347298,0.000773095131785042
"v1974",17,67.2071543746254,1.84398956099744e-07
"v1975",17,67.8855330079882,0.0067833701133431
"v1976",17,68.3183782120681,0.00432834391643921
"v1977",17,68.3191964485048,8.18236436686073e-06
"v1978",17,69.5190687626668,0.0119964204074477
"v1979",17,73.1757136621553,0.0365013972425878
"v1980",17,74.8508102291571,0.0167447015026929
"v1981",17,75.0699491737505,0.00219137541475776
"v1982",17,75.368487089594,0.00298534368273024
"v1983",17,75.3687916653222,3.04575728159881e-06
"v1984",17,76.9612114167706,0.0159188156193073
"v1985",17,76.9799309800244,0.000187195623792049
"v1986",17,78.6259590906592,0.0164543373328292
"v1987",17,82.6107099901208,0.0397633616592711
"v1988",17,90.3494906870565,0.0767757171696562
"v1989",17,92.8945185683395,0.0254283221400824
"v1990",17,97.7959401441454,0.048857815007271
"v1994",17,100.874943066618,0.0307511685090022
"v1995",17,100.875571048077,6.27981458045387e-06
"v1996",17,101.135034809621,0.00259461432572846
"v1997",17,101.135165866916,1.31057295375676e-06
"v1998",17,101.135188333892,2.24669756931452e-07
"v1999",17,101.135192078388,3.74449627129131e-08
"v2001",17,104.913061644707,0.0377069676119405
"v2007",17,106.580156944953,0.0166647781449137
"v2008",17,107.585045777874,0.0100475355633447
"v2009",17,107.710233237629,0.00125187198166259
"v2010",17,107.710255962983,2.27253535174491e-07
"v2016",17,109.997098067853,0.022852488544626
"v2017",17,110.294921007962,0.00297819417965769
"v2018",18,0,0.5
"v2019",18,0.0808646688963077,0.0008086459839215
"v2020",18,2.21811932725514,0.0213595391904971
"v2021",18,3.10045274612002,0.00882241842620339
"v2022",18,3.52646111126076,0.00425998056996016
"v2023",18,6.12067440648778,0.0259188794489431
"v2024",18,8.47374552844357,0.0235133548324951
"v2025",18,10.9853724319116,0.0250951649753759
"v2026",18,10.9855476830163,1.75251104609082e-06
"v2027",18,10.985551855679,4.1726627224006e-08
"v2028",18,12.6429655218233,0.0165680687303064
"v2029",18,12.8598758055528,0.00216908922987103
"v2030",18,12.9392446949215,0.000793688227050782
"v2031",18,13.7995116937189,0.00860182122367392
"v2032",18,13.8599984871495,0.000604867639239408
"v2033",18,16.6943562218768,0.0283132562535495
"v2034",18,16.6944022094195,4.5987542698512e-07
"v2035",18,21.0757083043001,0.0437012671400052
"v2036",18,30.2327616316857,0.0905603061718114
"v2037",18,30.8615265593598,0.00628731785866463
"v2038",18,34.168856931884,0.0330251519754001
"v2039",18,34.20992625946,0.000410693183398591
"v2040",18,34.4446398257512,0.00234711842242652
"v2041",18,40.5784639527565,0.0610323786887868
"v2042",18,44.9181149805752,0.0432878685784737
"v2043",18,49.478501021312,0.0454778225871395
"v2044",18,49.4789425589007,4.41537588723404e-06
"v2045",18,53.4096870966496,0.0392266677815987
"v2046",18,53.6384008908509,0.00228712199012164
"v2047",18,56.9211131319593,0.0327800367108301
"v2048",18,66.0048329003954,0.089850839461759
"v2049",18,66.5239109565151,0.0051905940873101
"v2050",18,66.953375690791,0.00429454173193218
"v2051",18,67.6554957172391,0.00702073879969678
"v2052",18,67.6638002695132,8.3045521977601e-05
"v2053",18,68.4017092622541,0.00737855424262481
"v2054",18,69.2778367615711,0.00876037841669899
"v2055",18,70.2852101062668,0.0100723706235235
"v2056",18,70.8352728182833,0.00550040522168418
"v2060",18,88.1651600911952,0.16667740221501
"v2061",18,89.9171620996311,0.0175128532181383
"v2062",18,89.9175420769111,3.79977280070706e-06
"v2063",18,90.6958293300698,0.00778224401549507
"v2064",18,90.6958476550891,1.83250192694037e-07
"v2065",18,90.6961575136898,3.09858600727189e-06
"v2066",18,91.0696879759251,0.00373523513478408
"v2067",18,91.1530960379235,0.000834079846302378
"v2068",18,91.4872781147953,0.00334177100871025
"v2080",18,93.8307480251178,0.0234175541841263
"v2081",18,94.719077273332,0.00888235792515171
"v2091",18,95.967120972032,0.0124778456738915
"v2092",18,96.1279034278252,0.00160781901610474
"v2093",18,97.0533082084537,0.00925299129424706
"v2094",18,97.0534819804628,1.73772009107199e-06
"v2095",19,0,0.5
"v2096",19,0.090316314194162,0.000903162159658254
"v2097",19,0.0907909100099788,4.74595815804732e-06
"v2098",19,1.39511389238088,0.0130402719748565
"v2099",19,1.77798544306367,0.00382864067474349
"v2100",19,2.35115029146694,0.00573139743731207
"v2101",19,3.77272694888219,0.0142119373641415
"v2102",19,3.77294651200079,2.19563118601639e-06
"v2103",19,4.71843062013763,0.00945371430086327
"v2104",19,5.17130247095191,0.00452859467113029
"v2105",19,6.02366951709294,0.00852284486421722
"v2106",19,6.02445966299486,7.90145901850005e-06
"v2107",19,6.64607523331671,0.00621583546177121
"v2108",19,6.64619748296321,1.22249646499858e-06
"v2109",19,8.6853244689659,0.0203799723503668
"v2110",19,8.91785336993884,0.00232527224618707
"v2111",19,9.64376480177736,0.00725860433852019
"v2112",19,10.199328998377,0.0055554133429329
"v2113",19,10.8587241333378,0.00659356910115144
"v2114",19,12.3240284320401,0.0146488495218853
"v2115",19,21.6188912675975,0.0918925248697724
"v2116",19,23.332869229697,0.0171330691909593
"v2117",19,23.3329799864214,1.10756724376268e-06
"v2118",19,26.392265690634,0.0305547373836824
"v2119",19,26.690309970976,0.0029804075034008
"v2120",19,26.9779166739289,0.00287603530976123
"v2121",19,28.1680901232768,0.0118994871415255
"v2122",19,29.7023143357804,0.0153374288386426
"v2123",19,30.7120566992987,0.010096051175401
"v2124",19,31.0025282613808,0.00290468294370373
"v2125",19,31.4782501590744,0.00475707543379622
"v2126",19,31.4783512382977,1.01079223320643e-06
"v2127",19,32.5227071527611,0.0104420406664839
"v2130",19,39.2463737053215,0.066834293794728
"v2131",19,42.2305080482996,0.0298059619890785
"v2132",19,43.5473298151277,0.0131651739864494
"v2133",19,44.3552671926682,0.00807867066021338
"v2134",19,50.3528589361403,0.0596899100521088
"v2135",19,51.3921498564875,0.0103914127091001
"v2136",19,52.1806115352506,0.0078839633000906
"v2137",19,54.914156548009,0.0273082482728556
"v2138",19,57.8127692017234,0.0289536981117342
"v2139",19,57.8127710078022,1.80607882675871e-08
"v2140",19,58.6627190937459,0.00849866227074356
"v2141",19,58.9481805129546,0.00285458317683258
"v2142",19,59.6409155794573,0.00692690745772315
"v2143",19,60.1191323828997,0.0047820222210558
"v2144",19,60.787181928672,0.0066800979608231
"v2145",19,60.790825801032,3.64387235358511e-05
"v2146",19,61.6033893393675,0.0081249201218508
"v2147",19,70.2046627965532,0.0851742074464241
"v2148",19,70.204820591321,1.5779476780184e-06
"v2149",19,72.0135152650936,0.0180790616367719
"v2150",19,76.260895694202,0.0423719333060123
"v2151",19,78.5080494401314,0.0224564197373354
"v2152",19,78.693086998181,0.0018503671332333
"v2153",19,81.7661795189291,0.030692287627117
"v2162",19,83.1403656792287,0.0137384026532737
"v2172",19,87.4716760489327,0.0432050859647575
"v2186",19,89.9806600213504,0.0250688021722193
"v2188",19,90.6784351270544,0.00697729810593993
"v2189",20,0,0.5
"v2190",20,0.679664790728384,0.00679622931525322
"v2191",20,1.17342991703977,0.00493749076015774
"v2192",20,1.85161360069306,0.00678142097496259
"v2193",20,2.7979113149213,0.00946184745070696
"v2194",20,4.04582926559342,0.0124765889766752
"v2195",20,5.56119135028841,0.0151489828714303
"v2196",20,5.56122421244553,3.28621571131263e-07
"v2197",20,8.28486306842409,0.0272094811344732
"v2198",20,8.28489725348101,3.41850569274639e-07
"v2199",20,8.2848982030725,9.49591481842465e-09
"v2200",20,9.51683658098401,0.012316891479529
"v2201",20,10.0314098971007,0.00514555149999024
"v2202",20,10.1614018193594,0.00129991629380826
"v2203",20,11.1893385269525,0.0102779190896596
"v2204",20,14.010584916887,0.0281825612913167
"v2205",20,14.0107275672899,1.42650402891723e-06
"v2206",20,14.2392495625065,0.00228520404037283
"v2207",20,21.9484970910279,0.0764873227056238
"v2208",20,21.9485494060191,5.23149912247025e-07
"v2209",20,21.994481547629,0.000459321286891024
"v2210",20,26.8076885335509,0.047983942393284
"v2211",20,26.8098387549943,2.15022144207293e-05
"v2212",20,29.678333997296,0.0286535234807739
"v2213",20,30.325203921861,0.00646833836753979
"v2214",20,30.3252744716828,7.05498217093047e-07
"v2215",20,30.3253450173334,7.05456506131717e-07
"v2216",20,31.906887365865,0.0158101510963575
"v2217",20,31.9069023687707,1.50029057013208e-07
"v2218",20,33.8242343797949,0.0191639277371208
"v2219",20,34.6903777837611,0.00866056776419067
"v2220",20,34.9559863251343,0.00265606042984855
"v2221",20,35.3953895421389,0.00439391905639609
"v2222",20,35.3957559431088,3.66400969836988e-06
"v2223",20,35.8659547963829,0.00470184993119643
"v2224",20,37.1796041925378,0.0131334722204393
"v2225",20,39.1951994331358,0.0201450413570582
"v2226",20,39.9559984642646,0.00760740321630295
"v2227",20,40.474053095399,0.00518036093821917
"v2228",20,40.474061000666,7.90526706786649e-08
"v2229",20,40.4740794462484,1.84455824179115e-07
"v2230",20,42.8592773381021,0.0238339023144081
"v2231",20,43.4608713662072,0.00601564999635564
"v2232",20,43.7581419505557,0.0029726708176573
"v2233",20,43.8180689506151,0.000599269713644832
"v2234",20,45.8069339825005,0.0198781674561026
"v2235",20,48.336046483686,0.0252695774098155
"v2236",20,48.7353460749761,0.00399291102921002
"v2237",20,54.823084024347,0.0605783327069254
"v2238",20,55.700603104541,0.00877428994684991
"v2239",20,55.7879583852402,0.000873551918188467
"v2240",20,55.8591931884892,0.000712347550525455
"v2241",20,63.070602117685,0.0716181816792922
"v2242",20,64.30461115007,0.0123375854379282
"v2243",20,65.9020378153826,0.0159688338464962
"v2244",20,65.9020981816167,6.03662340936356e-07
"v2245",20,67.7958486179532,0.0189284541702468
"v2246",20,68.051656582351,0.00255805732489434
